Node,ObjVal
125001.0,0.0
125002.0,1e+20
125003.0,1.9762308998301705
125004.0,1e+20
125005.0,1e+20
125006.0,0.0
125007.0,0.0
125008.0,1e+20
125009.0,0.0
125010.0,0.0
125011.0,0.0
125012.0,1e+20
125013.0,1e+20
125014.0,0.0
125015.0,0.0
125016.0,0.0
125017.0,0.0
125018.0,0.0
125019.0,0.0
125020.0,1e+20
125021.0,1e+20
125022.0,1e+20
125023.0,0.0
125024.0,0.0
125025.0,0.0
125026.0,1e+20
125027.0,0.0
125028.0,1e+20
125029.0,0.0
125030.0,1e+20
125031.0,0.0
125032.0,0.0
125033.0,0.0
125034.0,1e+20
125035.0,1e+20
125036.0,1e+20
125037.0,0.0
125038.0,4.547473508864641e-13
125039.0,0.0
125040.0,0.0
125041.0,1e+20
125042.0,0.0
125043.0,0.0
125044.0,1e+20
125045.0,1e+20
125046.0,1e+20
125047.0,1e+20
125048.0,0.0
125049.0,1e+20
125050.0,1e+20
125051.0,1e+20
125052.0,1e+20
125053.0,0.0
125054.0,0.0
125055.0,0.0
125056.0,1e+20
125057.0,0.0
125058.0,0.0
125059.0,1e+20
125060.0,0.0
125061.0,1e+20
125062.0,1e+20
125063.0,0.0
125064.0,1e+20
125065.0,1e+20
125066.0,0.0
125067.0,1e+20
125068.0,1e+20
125069.0,0.0
125070.0,4.547473508864641e-13
125071.0,0.0
125072.0,0.0
125073.0,0.0
125074.0,0.0
125075.0,0.0
125076.0,0.0
125077.0,1e+20
125078.0,1e+20
125079.0,0.0
125080.0,0.0
125081.0,0.0
125082.0,1e+20
125083.0,0.0
125084.0,1e+20
125085.0,0.0
125086.0,1e+20
125087.0,0.0
125088.0,1.1571928267235307
125089.0,1e+20
125090.0,1e+20
125091.0,0.0
125092.0,0.0
125093.0,0.0
125094.0,0.0
125095.0,0.3418346774192287
125096.0,1e+20
125097.0,0.0
125098.0,0.0
125099.0,1e+20
125100.0,1e+20
125101.0,0.9134701454513561
125102.0,1e+20
125103.0,1e+20
125104.0,1e+20
125105.0,0.0
125106.0,0.0
125107.0,0.0
125108.0,1e+20
125109.0,1e+20
125110.0,1e+20
125111.0,1e+20
125112.0,0.0
125113.0,0.0
125114.0,0.0
125115.0,1e+20
125116.0,0.0
125117.0,1e+20
125118.0,0.0
125119.0,1e+20
125120.0,0.0
125121.0,1e+20
125122.0,0.0
125123.0,1e+20
125124.0,1e+20
125125.0,0.0
125126.0,0.0
125127.0,0.0
125128.0,1e+20
125129.0,1e+20
125130.0,0.0
125131.0,1e+20
125132.0,0.0
125133.0,1.1826654774981762
125134.0,1e+20
125135.0,1e+20
125136.0,0.0
125137.0,1e+20
125138.0,1e+20
125139.0,1e+20
125140.0,1e+20
125141.0,1e+20
125142.0,0.0
125143.0,0.0
125144.0,0.0
125145.0,1e+20
125146.0,0.0
125147.0,1e+20
125148.0,0.0
125149.0,0.0
125150.0,1e+20
125151.0,1e+20
125152.0,0.0
125153.0,0.0
125154.0,1e+20
125155.0,0.0
125156.0,1e+20
125157.0,0.0
125158.0,1e+20
125159.0,0.0
125160.0,1e+20
125161.0,1e+20
125162.0,0.0
125163.0,1e+20
125164.0,0.0
125165.0,1e+20
125166.0,1e+20
125167.0,0.0
125168.0,0.0
125169.0,0.0
125170.0,1e+20
125171.0,0.0
125172.0,0.9644748713603803
125173.0,1e+20
125174.0,1e+20
125175.0,0.0
125176.0,1e+20
125177.0,1e+20
125178.0,1.125730660334284
125179.0,1e+20
125180.0,1e+20
125181.0,9.094947017729282e-13
125182.0,1e+20
125183.0,-4.547473508864641e-13
125184.0,0.0
125185.0,0.0
125186.0,0.0
125187.0,0.0
125188.0,1e+20
125189.0,0.0
125190.0,1e+20
125191.0,1e+20
125192.0,0.0
125193.0,0.0
125194.0,-4.547473508864641e-13
125195.0,1e+20
125196.0,1e+20
125197.0,1e+20
125198.0,0.0
125199.0,0.0
125200.0,1e+20
125201.0,1e+20
125202.0,0.0
125203.0,0.0
125204.0,1e+20
125205.0,0.0
125206.0,1e+20
125207.0,0.0
125208.0,1e+20
125209.0,1e+20
125210.0,1e+20
125211.0,0.07974889824163256
125212.0,1e+20
125213.0,1.0945738960404015
125214.0,1.872074522515959
125215.0,1e+20
125216.0,1e+20
125217.0,9.094947017729282e-13
125218.0,0.0
125219.0,1e+20
125220.0,4.547473508864641e-13
125221.0,1e+20
125222.0,0.0
125223.0,1e+20
125224.0,1e+20
125225.0,1e+20
125226.0,0.0
125227.0,1e+20
125228.0,0.0
125229.0,1e+20
125230.0,1.1514067019193135
125231.0,1e+20
125232.0,0.0
125233.0,0.0
125234.0,0.0
125235.0,0.0
125236.0,1e+20
125237.0,1e+20
125238.0,1e+20
125239.0,0.0
125240.0,0.0
125241.0,1e+20
125242.0,0.0
125243.0,1e+20
125244.0,1e+20
125245.0,1e+20
125246.0,0.0
125247.0,1e+20
125248.0,0.0
125249.0,1e+20
125250.0,1e+20
125251.0,0.0
125252.0,0.0
125253.0,0.0
125254.0,1e+20
125255.0,1e+20
125256.0,1e+20
125257.0,1e+20
125258.0,0.0
125259.0,0.0
125260.0,1e+20
125261.0,1e+20
125262.0,1e+20
125263.0,1e+20
125264.0,0.0
125265.0,0.0
125266.0,1e+20
125267.0,1e+20
125268.0,0.0
125269.0,0.5785727355901145
125270.0,1e+20
125271.0,1e+20
125272.0,1e+20
125273.0,0.0
125274.0,1e+20
125275.0,0.0
125276.0,1e+20
125277.0,0.0
125278.0,0.0
125279.0,0.0
125280.0,1e+20
125281.0,0.0
125282.0,0.0
125283.0,1e+20
125284.0,0.0
125285.0,1e+20
125286.0,0.0
125287.0,1e+20
125288.0,1e+20
125289.0,0.0
125290.0,1e+20
125291.0,0.0
125292.0,0.0
125293.0,1e+20
125294.0,1e+20
125295.0,1e+20
125296.0,0.0
125297.0,1e+20
125298.0,9.094947017729282e-13
125299.0,1e+20
125300.0,0.0
125301.0,0.0
125302.0,-4.547473508864641e-13
125303.0,1e+20
125304.0,0.0
125305.0,1e+20
125306.0,1e+20
125307.0,0.0
125308.0,0.0
125309.0,1e+20
125310.0,1e+20
125311.0,0.4474343667229732
125312.0,1e+20
125313.0,1e+20
125314.0,1e+20
125315.0,0.0
125316.0,1e+20
125317.0,1e+20
125318.0,0.0
125319.0,0.0
125320.0,0.0
125321.0,0.0
125322.0,0.0
125323.0,0.0
125324.0,0.0
125325.0,1e+20
125326.0,1e+20
125327.0,0.0
125328.0,0.0
125329.0,0.0
125330.0,1e+20
125331.0,0.0
125332.0,1e+20
125333.0,0.0
125334.0,0.0
125335.0,0.0
125336.0,0.0
125337.0,1e+20
125338.0,1e+20
125339.0,1e+20
125340.0,1e+20
125341.0,1e+20
125342.0,1e+20
125343.0,0.0
125344.0,0.0
125345.0,1e+20
125346.0,0.0
125347.0,0.0
125348.0,1e+20
125349.0,1e+20
125350.0,1e+20
125351.0,1.4117210745021112
125352.0,1.5617561585631847
125353.0,1e+20
125354.0,0.0
125355.0,0.0
125356.0,0.0
125357.0,0.0
125358.0,1e+20
125359.0,1e+20
125360.0,0.3131920315854586
125361.0,1e+20
125362.0,1e+20
125363.0,1e+20
125364.0,0.0
125365.0,0.0
125366.0,1e+20
125367.0,0.0
125368.0,0.0
125369.0,1.897296388714949
125370.0,1e+20
125371.0,1e+20
125372.0,1e+20
125373.0,0.0
125374.0,0.0
125375.0,0.0
125376.0,0.0
125377.0,0.0
125378.0,0.0
125379.0,0.0
125380.0,0.0
125381.0,1e+20
125382.0,0.9328809186636136
125383.0,1e+20
125384.0,1e+20
125385.0,0.0
125386.0,0.0
125387.0,0.0
125388.0,0.0
125389.0,0.0
125390.0,0.0
125391.0,1e+20
125392.0,1e+20
125393.0,0.0
125394.0,0.0
125395.0,0.0
125396.0,0.0
125397.0,0.0
125398.0,0.0
125399.0,1e+20
125400.0,0.0
125401.0,1.0398003583313766
125402.0,1e+20
125403.0,1e+20
125404.0,1e+20
125405.0,1e+20
125406.0,0.0
125407.0,1e+20
125408.0,0.0
125409.0,1e+20
125410.0,0.0
125411.0,1e+20
125412.0,0.0
125413.0,1e+20
125414.0,1e+20
125415.0,1e+20
125416.0,1e+20
125417.0,0.0
125418.0,0.0
125419.0,0.0
125420.0,0.0
125421.0,1e+20
125422.0,1e+20
125423.0,1e+20
125424.0,0.0
125425.0,0.0
125426.0,1e+20
125427.0,0.0
125428.0,0.0
125429.0,0.0
125430.0,0.0
125431.0,1e+20
125432.0,1e+20
125433.0,0.0
125434.0,0.0
125435.0,1e+20
125436.0,1e+20
125437.0,1e+20
125438.0,1e+20
125439.0,0.0
125440.0,0.0
125441.0,0.0
125442.0,1.67022380031176
125443.0,1e+20
125444.0,1e+20
125445.0,1e+20
125446.0,1e+20
125447.0,0.0
125448.0,1e+20
125449.0,0.0
125450.0,1e+20
125451.0,0.0
125452.0,1e+20
125453.0,0.0
125454.0,0.0
125455.0,0.0
125456.0,0.0
125457.0,0.0
125458.0,1e+20
125459.0,1e+20
125460.0,1e+20
125461.0,0.0
125462.0,-9.094947017729282e-13
125463.0,1e+20
125464.0,1e+20
125465.0,1e+20
125466.0,1e+20
125467.0,1e+20
125468.0,1e+20
125469.0,0.0
125470.0,0.0
125471.0,0.0
125472.0,0.27203698194398385
125473.0,1e+20
125474.0,1e+20
125475.0,0.0
125476.0,0.0
125477.0,0.0
125478.0,0.0
125479.0,1e+20
125480.0,0.0
125481.0,0.0
125482.0,1.7117697703633894
125483.0,1e+20
125484.0,1e+20
125485.0,0.0
125486.0,1e+20
125487.0,1e+20
125488.0,0.0
125489.0,0.0
125490.0,1e+20
125491.0,0.0
125492.0,1e+20
125493.0,0.0
125494.0,0.0
125495.0,1e+20
125496.0,0.0
125497.0,1e+20
125498.0,1e+20
125499.0,1e+20
125500.0,0.0
125501.0,0.0
125502.0,0.0
125503.0,0.0
125504.0,0.0
125505.0,1e+20
125506.0,1e+20
125507.0,1e+20
125508.0,1.4159279411464922
125509.0,1e+20
125510.0,1.5547638988828112
125511.0,1e+20
125512.0,1e+20
125513.0,1e+20
125514.0,1e+20
125515.0,0.0
125516.0,0.0
125517.0,0.0
125518.0,1e+20
125519.0,1e+20
125520.0,0.0
125521.0,1e+20
125522.0,0.0
125523.0,1e+20
125524.0,1e+20
125525.0,0.0
125526.0,0.0
125527.0,1e+20
125528.0,1e+20
125529.0,0.0
125530.0,0.0
125531.0,1e+20
125532.0,1e+20
125533.0,0.0
125534.0,0.0
125535.0,1e+20
125536.0,1e+20
125537.0,0.0
125538.0,1e+20
125539.0,0.0
125540.0,1e+20
125541.0,1e+20
125542.0,0.0
125543.0,0.0
125544.0,1e+20
125545.0,0.0
125546.0,0.0
125547.0,1e+20
125548.0,1e+20
125549.0,0.0
125550.0,1e+20
125551.0,1e+20
125552.0,0.0
125553.0,0.0
125554.0,1e+20
125555.0,1e+20
125556.0,0.0
125557.0,1e+20
125558.0,0.0
125559.0,1e+20
125560.0,1e+20
125561.0,0.0
125562.0,0.0
125563.0,0.0
125564.0,0.0
125565.0,1e+20
125566.0,1.881945999751224
125567.0,1e+20
125568.0,1e+20
125569.0,1e+20
125570.0,1e+20
125571.0,1e+20
125572.0,1e+20
125573.0,1e+20
125574.0,0.0
125575.0,9.094947017729282e-13
125576.0,4.547473508864641e-13
125577.0,0.0
125578.0,1e+20
125579.0,1e+20
125580.0,1e+20
125581.0,1e+20
125582.0,0.0
125583.0,0.0
125584.0,1e+20
125585.0,1e+20
125586.0,0.0
125587.0,0.0
125588.0,1e+20
125589.0,1e+20
125590.0,0.0
125591.0,0.0
125592.0,1e+20
125593.0,1e+20
125594.0,1e+20
125595.0,0.0
125596.0,1e+20
125597.0,1e+20
125598.0,1e+20
125599.0,0.0
125600.0,0.0
125601.0,1e+20
125602.0,0.0
125603.0,1e+20
125604.0,1e+20
125605.0,0.0
125606.0,1e+20
125607.0,0.0
125608.0,1e+20
125609.0,0.0
125610.0,1e+20
125611.0,4.547473508864641e-13
125612.0,1e+20
125613.0,0.0
125614.0,0.0
125615.0,0.0
125616.0,0.0
125617.0,1e+20
125618.0,0.0
125619.0,1e+20
125620.0,1e+20
125621.0,0.0
125622.0,0.0
125623.0,1e+20
125624.0,0.0
125625.0,0.0
125626.0,1e+20
125627.0,1e+20
125628.0,0.0
125629.0,0.0
125630.0,1e+20
125631.0,0.28445951821913695
125632.0,1e+20
125633.0,1e+20
125634.0,1e+20
125635.0,1e+20
125636.0,1e+20
125637.0,1e+20
125638.0,1e+20
125639.0,0.0
125640.0,0.0
125641.0,0.0
125642.0,0.0
125643.0,1e+20
125644.0,0.0
125645.0,1e+20
125646.0,0.0
125647.0,0.0
125648.0,1.0952803790619328
125649.0,1e+20
125650.0,1e+20
125651.0,1e+20
125652.0,0.0
125653.0,0.0
125654.0,0.0
125655.0,0.0
125656.0,1e+20
125657.0,1e+20
125658.0,1e+20
125659.0,0.0
125660.0,1e+20
125661.0,0.0
125662.0,0.0
125663.0,0.0
125664.0,1e+20
125665.0,0.0
125666.0,1e+20
125667.0,1e+20
125668.0,0.0
125669.0,0.0
125670.0,1e+20
125671.0,1e+20
125672.0,0.0
125673.0,1e+20
125674.0,1e+20
125675.0,1e+20
125676.0,0.0
125677.0,1e+20
125678.0,1e+20
125679.0,0.0
125680.0,0.9198902104299123
125681.0,1.4591570327788759
125682.0,1e+20
125683.0,1e+20
125684.0,1e+20
125685.0,0.0
125686.0,1e+20
125687.0,1e+20
125688.0,1e+20
125689.0,1e+20
125690.0,0.0
125691.0,0.0
125692.0,1e+20
125693.0,0.0
125694.0,1e+20
125695.0,0.0
125696.0,0.0
125697.0,1e+20
125698.0,1e+20
125699.0,0.0
125700.0,1e+20
125701.0,1e+20
125702.0,1e+20
125703.0,1e+20
125704.0,0.0
125705.0,0.9757375946492175
125706.0,1e+20
125707.0,1e+20
125708.0,1e+20
125709.0,-4.547473508864641e-13
125710.0,1e+20
125711.0,0.0
125712.0,1e+20
125713.0,1e+20
125714.0,0.0
125715.0,1e+20
125716.0,1e+20
125717.0,-4.547473508864641e-13
125718.0,1e+20
125719.0,1e+20
125720.0,1e+20
125721.0,1e+20
125722.0,0.0
125723.0,1e+20
125724.0,0.0
125725.0,0.0
125726.0,0.0
125727.0,0.0
125728.0,1e+20
125729.0,-4.547473508864641e-13
125730.0,0.0
125731.0,1e+20
125732.0,1e+20
125733.0,0.0
125734.0,0.0
125735.0,1.0641262060844383
125736.0,1e+20
125737.0,1e+20
125738.0,0.0
125739.0,0.0
125740.0,1e+20
125741.0,0.0
125742.0,1e+20
125743.0,1e+20
125744.0,0.0
125745.0,1e+20
125746.0,0.0
125747.0,1e+20
125748.0,0.0
125749.0,1e+20
125750.0,1e+20
125751.0,1e+20
125752.0,0.0
125753.0,0.0
125754.0,0.0
125755.0,0.0
125756.0,1e+20
125757.0,0.0
125758.0,1e+20
125759.0,1e+20
125760.0,1e+20
125761.0,0.0
125762.0,1e+20
125763.0,1e+20
125764.0,1e+20
125765.0,1e+20
125766.0,1e+20
125767.0,1e+20
125768.0,1e+20
125769.0,0.0
125770.0,0.0
125771.0,0.0
125772.0,0.0
125773.0,1e+20
125774.0,0.0
125775.0,1e+20
125776.0,1e+20
125777.0,1e+20
125778.0,0.0
125779.0,0.0
125780.0,0.0
125781.0,0.0
125782.0,1e+20
125783.0,1e+20
125784.0,0.0
125785.0,0.0
125786.0,1e+20
125787.0,0.0
125788.0,0.0
125789.0,0.0
125790.0,0.0
125791.0,0.0
125792.0,1e+20
125793.0,0.0
125794.0,0.0
125795.0,1e+20
125796.0,1e+20
125797.0,1e+20
125798.0,0.0
125799.0,1e+20
125800.0,0.0
125801.0,0.0
125802.0,0.0
125803.0,1e+20
125804.0,1e+20
125805.0,1e+20
125806.0,0.0
125807.0,1e+20
125808.0,1e+20
125809.0,1e+20
125810.0,0.0
125811.0,0.0
125812.0,1e+20
125813.0,1e+20
125814.0,1e+20
125815.0,1e+20
125816.0,1e+20
125817.0,0.0
125818.0,0.0
125819.0,0.0
125820.0,0.0
125821.0,0.0
125822.0,0.0
125823.0,1e+20
125824.0,0.0
125825.0,0.0
125826.0,1e+20
125827.0,0.0
125828.0,1e+20
125829.0,1e+20
125830.0,0.0
125831.0,1e+20
125832.0,0.0
125833.0,1e+20
125834.0,0.0
125835.0,0.0
125836.0,0.0
125837.0,0.0
125838.0,0.0
125839.0,0.0
125840.0,1e+20
125841.0,0.0
125842.0,1e+20
125843.0,1e+20
125844.0,1e+20
125845.0,0.0
125846.0,1e+20
125847.0,0.0
125848.0,1e+20
125849.0,1e+20
125850.0,1e+20
125851.0,1e+20
125852.0,1e+20
125853.0,1e+20
125854.0,0.0
125855.0,0.0
125856.0,0.0
125857.0,0.4944169290984064
125858.0,1e+20
125859.0,1e+20
125860.0,1e+20
125861.0,1e+20
125862.0,1e+20
125863.0,0.0
125864.0,0.0
125865.0,0.0
125866.0,1.4149885387432732
125867.0,1e+20
125868.0,0.0
125869.0,0.0
125870.0,1e+20
125871.0,1e+20
125872.0,1e+20
125873.0,9.094947017729282e-13
125874.0,0.0
125875.0,0.0
125876.0,1e+20
125877.0,0.0
125878.0,0.0
125879.0,1.6448984707944874
125880.0,1e+20
125881.0,1e+20
125882.0,0.0
125883.0,0.0
125884.0,1e+20
125885.0,0.0
125886.0,0.0
125887.0,0.0
125888.0,1e+20
125889.0,0.0
125890.0,1.7612583727805031
125891.0,-9.094947017729282e-13
125892.0,1e+20
125893.0,1e+20
125894.0,0.0
125895.0,0.0
125896.0,0.0
125897.0,0.0
125898.0,1e+20
125899.0,0.0
125900.0,1e+20
125901.0,1e+20
125902.0,1e+20
125903.0,1e+20
125904.0,4.547473508864641e-13
125905.0,1e+20
125906.0,-4.547473508864641e-13
125907.0,1.8561726897887638
125908.0,1e+20
125909.0,1e+20
125910.0,4.547473508864641e-13
125911.0,1e+20
125912.0,0.0
125913.0,0.0
125914.0,1e+20
125915.0,0.84794346635681
125916.0,1e+20
125917.0,1e+20
125918.0,0.0
125919.0,1e+20
125920.0,0.0
125921.0,1.6831917090216848
125922.0,1e+20
125923.0,1e+20
125924.0,1e+20
125925.0,1e+20
125926.0,0.0
125927.0,0.0
125928.0,0.0
125929.0,-4.547473508864641e-13
125930.0,1e+20
125931.0,0.1999417554898173
125932.0,1e+20
125933.0,1e+20
125934.0,1e+20
125935.0,0.0
125936.0,0.0
125937.0,0.0
125938.0,1e+20
125939.0,1e+20
125940.0,1e+20
125941.0,1e+20
125942.0,0.0
125943.0,1e+20
125944.0,0.0
125945.0,1e+20
125946.0,0.0
125947.0,1e+20
125948.0,1e+20
125949.0,1e+20
125950.0,1e+20
125951.0,1e+20
125952.0,1e+20
125953.0,0.0
125954.0,1e+20
125955.0,0.0
125956.0,1e+20
125957.0,1e+20
125958.0,0.0
125959.0,1e+20
125960.0,0.0
125961.0,1e+20
125962.0,0.0
125963.0,1e+20
125964.0,0.0
125965.0,1e+20
125966.0,0.0
125967.0,1e+20
125968.0,0.7048130137209228
125969.0,1e+20
125970.0,1e+20
125971.0,1e+20
125972.0,0.3323219496710408
125973.0,1e+20
125974.0,1e+20
125975.0,1e+20
125976.0,0.0
125977.0,1e+20
125978.0,1e+20
125979.0,1e+20
125980.0,1e+20
125981.0,1e+20
125982.0,1e+20
125983.0,0.0
125984.0,1e+20
125985.0,0.0
125986.0,1e+20
125987.0,4.547473508864641e-13
125988.0,0.0
125989.0,0.31480490571675546
125990.0,1e+20
125991.0,1e+20
125992.0,1e+20
125993.0,0.20501660208674366
125994.0,1e+20
125995.0,1e+20
125996.0,0.0
125997.0,0.0
125998.0,1e+20
125999.0,0.0
126000.0,1e+20
126001.0,1e+20
126002.0,0.0
126003.0,0.0
126004.0,1.8631550719114784
126005.0,1e+20
126006.0,1e+20
126007.0,1e+20
126008.0,1e+20
126009.0,0.0
126010.0,0.0
126011.0,0.0
126012.0,0.0
126013.0,0.0
126014.0,0.0
126015.0,0.0
126016.0,0.0
126017.0,1e+20
126018.0,1e+20
126019.0,1e+20
126020.0,1.5849836440347644
126021.0,1e+20
126022.0,1e+20
126023.0,1e+20
126024.0,0.0
126025.0,0.0
126026.0,0.0
126027.0,0.0
126028.0,1e+20
126029.0,1e+20
126030.0,1e+20
126031.0,0.0
126032.0,4.547473508864641e-13
126033.0,0.0
126034.0,0.0
126035.0,0.0
126036.0,0.0
126037.0,1e+20
126038.0,0.0
126039.0,0.0
126040.0,1e+20
126041.0,1e+20
126042.0,1e+20
126043.0,0.0
126044.0,1e+20
126045.0,0.0
126046.0,0.0
126047.0,1e+20
126048.0,0.0
126049.0,0.0
126050.0,1e+20
126051.0,1e+20
126052.0,1e+20
126053.0,0.0
126054.0,0.0
126055.0,1e+20
126056.0,1e+20
126057.0,0.0
126058.0,0.0
126059.0,0.0
126060.0,1e+20
126061.0,1.8268360435718023
126062.0,1e+20
126063.0,1e+20
126064.0,1e+20
126065.0,0.0
126066.0,0.0
126067.0,0.0
126068.0,0.0
126069.0,1e+20
126070.0,1e+20
126071.0,0.0
126072.0,1e+20
126073.0,0.0
126074.0,0.0
126075.0,1e+20
126076.0,1e+20
126077.0,1e+20
126078.0,0.0
126079.0,0.0
126080.0,1.5864792470847533
126081.0,1e+20
126082.0,1e+20
126083.0,1e+20
126084.0,1e+20
126085.0,1e+20
126086.0,0.0
126087.0,0.0
126088.0,0.0
126089.0,1e+20
126090.0,1e+20
126091.0,1e+20
126092.0,0.0
126093.0,-4.547473508864641e-13
126094.0,4.547473508864641e-13
126095.0,1e+20
126096.0,0.0
126097.0,1e+20
126098.0,1e+20
126099.0,0.0
126100.0,1e+20
126101.0,0.0
126102.0,0.0
126103.0,0.0
126104.0,1e+20
126105.0,1e+20
126106.0,0.0
126107.0,1e+20
126108.0,0.0
126109.0,1e+20
126110.0,0.0
126111.0,0.0
126112.0,1e+20
126113.0,1e+20
126114.0,1e+20
126115.0,1e+20
126116.0,1e+20
126117.0,1e+20
126118.0,1e+20
126119.0,0.0
126120.0,0.0
126121.0,0.0
126122.0,0.0
126123.0,1e+20
126124.0,1e+20
126125.0,1e+20
126126.0,0.0
126127.0,1e+20
126128.0,0.0
126129.0,0.0
126130.0,1e+20
126131.0,1e+20
126132.0,1e+20
126133.0,0.0
126134.0,1e+20
126135.0,0.0
126136.0,1e+20
126137.0,0.0
126138.0,0.0
126139.0,1e+20
126140.0,0.0
126141.0,1e+20
126142.0,1e+20
126143.0,0.0
126144.0,1e+20
126145.0,1e+20
126146.0,0.0
126147.0,0.0
126148.0,1e+20
126149.0,0.0
126150.0,0.0
126151.0,1e+20
126152.0,0.0
126153.0,1e+20
126154.0,1e+20
126155.0,1e+20
126156.0,0.0
126157.0,1e+20
126158.0,1e+20
126159.0,0.0
126160.0,0.0
126161.0,1e+20
126162.0,1e+20
126163.0,1e+20
126164.0,1e+20
126165.0,0.0
126166.0,0.0
126167.0,1e+20
126168.0,1e+20
126169.0,1e+20
126170.0,1e+20
126171.0,1e+20
126172.0,0.0
126173.0,0.0
126174.0,0.0
126175.0,1e+20
126176.0,1e+20
126177.0,1e+20
126178.0,1e+20
126179.0,0.0
126180.0,0.0
126181.0,1e+20
126182.0,1e+20
126183.0,0.0
126184.0,0.0
126185.0,0.0
126186.0,1e+20
126187.0,0.0
126188.0,1e+20
126189.0,1e+20
126190.0,1e+20
126191.0,0.0
126192.0,1e+20
126193.0,0.0
126194.0,1e+20
126195.0,1e+20
126196.0,1e+20
126197.0,1e+20
126198.0,1e+20
126199.0,1e+20
126200.0,1e+20
126201.0,1e+20
126202.0,0.0
126203.0,0.0
126204.0,0.0
126205.0,0.0
126206.0,1e+20
126207.0,0.0
126208.0,1e+20
126209.0,0.0
126210.0,1e+20
126211.0,1e+20
126212.0,0.0
126213.0,0.7960243726211047
126214.0,1e+20
126215.0,1e+20
126216.0,0.0
126217.0,0.0
126218.0,1e+20
126219.0,0.0
126220.0,1e+20
126221.0,1e+20
126222.0,1e+20
126223.0,0.0
126224.0,0.0
126225.0,0.0
126226.0,0.0
126227.0,1e+20
126228.0,0.0
126229.0,0.0
126230.0,1e+20
126231.0,1e+20
126232.0,0.0
126233.0,1e+20
126234.0,4.547473508864641e-13
126235.0,1e+20
126236.0,0.0
126237.0,1e+20
126238.0,0.0
126239.0,1e+20
126240.0,0.0
126241.0,1e+20
126242.0,1e+20
126243.0,1e+20
126244.0,0.0
126245.0,0.0
126246.0,0.0
126247.0,1e+20
126248.0,0.0
126249.0,0.0
126250.0,0.0
126251.0,0.0
126252.0,1e+20
126253.0,0.0
126254.0,1e+20
126255.0,1e+20
126256.0,0.0
126257.0,0.0
126258.0,0.0
126259.0,1e+20
126260.0,1e+20
126261.0,0.0
126262.0,0.0
126263.0,1e+20
126264.0,1e+20
126265.0,1e+20
126266.0,1e+20
126267.0,1e+20
126268.0,1e+20
126269.0,1e+20
126270.0,1e+20
126271.0,0.0
126272.0,0.0
126273.0,0.0
126274.0,1e+20
126275.0,0.0
126276.0,0.0
126277.0,1e+20
126278.0,1e+20
126279.0,1e+20
126280.0,1e+20
126281.0,1e+20
126282.0,0.0
126283.0,0.0
126284.0,1e+20
126285.0,1e+20
126286.0,1e+20
126287.0,0.0
126288.0,-4.547473508864641e-13
126289.0,4.547473508864641e-13
126290.0,1e+20
126291.0,1e+20
126292.0,1e+20
126293.0,1e+20
126294.0,0.0
126295.0,1e+20
126296.0,1e+20
126297.0,4.547473508864641e-13
126298.0,4.547473508864641e-13
126299.0,1e+20
126300.0,1e+20
126301.0,1e+20
126302.0,1e+20
126303.0,1e+20
126304.0,1e+20
126305.0,0.0
126306.0,0.0
126307.0,1e+20
126308.0,0.0
126309.0,1e+20
126310.0,1e+20
126311.0,1.3061525401008112
126312.0,1e+20
126313.0,1e+20
126314.0,1.461092019854732
126315.0,1e+20
126316.0,1e+20
126317.0,0.0
126318.0,0.0
126319.0,0.0
126320.0,1e+20
126321.0,1e+20
126322.0,1e+20
126323.0,0.0
126324.0,0.0
126325.0,1e+20
126326.0,1e+20
126327.0,1e+20
126328.0,1e+20
126329.0,0.0
126330.0,1e+20
126331.0,0.0
126332.0,0.0
126333.0,0.0
126334.0,0.0
126335.0,1e+20
126336.0,1e+20
126337.0,1e+20
126338.0,1e+20
126339.0,1e+20
126340.0,4.547473508864641e-13
126341.0,0.0
126342.0,0.0
126343.0,1e+20
126344.0,0.0
126345.0,1e+20
126346.0,0.0
126347.0,1e+20
126348.0,1e+20
126349.0,0.0
126350.0,1e+20
126351.0,0.0
126352.0,0.0
126353.0,0.0
126354.0,1e+20
126355.0,0.0
126356.0,0.0
126357.0,0.0
126358.0,0.0
126359.0,0.0
126360.0,1e+20
126361.0,1e+20
126362.0,1e+20
126363.0,0.0
126364.0,1e+20
126365.0,1e+20
126366.0,1e+20
126367.0,1e+20
126368.0,1e+20
126369.0,0.0
126370.0,0.0
126371.0,0.0
126372.0,1.1871278898215678
126373.0,1e+20
126374.0,1e+20
126375.0,1e+20
126376.0,0.0
126377.0,1e+20
126378.0,0.0
126379.0,1e+20
126380.0,0.0
126381.0,1e+20
126382.0,1e+20
126383.0,1.8206195869420299
126384.0,1e+20
126385.0,1e+20
126386.0,0.0
126387.0,0.0
126388.0,0.0
126389.0,0.0
126390.0,1e+20
126391.0,0.0
126392.0,1e+20
126393.0,0.0
126394.0,0.0
126395.0,1e+20
126396.0,0.0
126397.0,1e+20
126398.0,0.0
126399.0,1e+20
126400.0,1e+20
126401.0,0.0
126402.0,0.0
126403.0,0.0
126404.0,0.8733722496631344
126405.0,1e+20
126406.0,1e+20
126407.0,1e+20
126408.0,1e+20
126409.0,1e+20
126410.0,1e+20
126411.0,0.0
126412.0,0.0
126413.0,1e+20
126414.0,1e+20
126415.0,0.1710518524832878
126416.0,1e+20
126417.0,0.27641652829424856
126418.0,1e+20
126419.0,1e+20
126420.0,1e+20
126421.0,0.0
126422.0,0.0
126423.0,1e+20
126424.0,1e+20
126425.0,0.0
126426.0,1e+20
126427.0,1e+20
126428.0,1e+20
126429.0,0.0
126430.0,0.0
126431.0,0.0
126432.0,1e+20
126433.0,0.0
126434.0,1e+20
126435.0,1e+20
126436.0,1e+20
126437.0,1e+20
126438.0,0.0
126439.0,0.0
126440.0,1e+20
126441.0,0.0
126442.0,0.08541586424098568
126443.0,1e+20
126444.0,0.4046318074906594
126445.0,1e+20
126446.0,1e+20
126447.0,1e+20
126448.0,1e+20
126449.0,1e+20
126450.0,0.0
126451.0,0.0
126452.0,0.0
126453.0,0.0
126454.0,0.0
126455.0,0.0
126456.0,0.0
126457.0,0.0
126458.0,0.0
126459.0,0.0
126460.0,0.0
126461.0,1e+20
126462.0,0.0
126463.0,0.0
126464.0,0.0
126465.0,0.0
126466.0,0.0
126467.0,0.0
126468.0,0.0
126469.0,1e+20
126470.0,1e+20
126471.0,1e+20
126472.0,0.0
126473.0,0.0
126474.0,0.0
126475.0,0.0
126476.0,0.0
126477.0,0.0
126478.0,0.0
126479.0,0.0
126480.0,0.0
126481.0,1e+20
126482.0,0.0
126483.0,1e+20
126484.0,1e+20
126485.0,0.0
126486.0,0.0
126487.0,0.0
126488.0,0.0
126489.0,0.0
126490.0,0.0
126491.0,0.0
126492.0,0.0
126493.0,0.0
126494.0,0.0
126495.0,0.0
126496.0,0.0
126497.0,0.0
126498.0,0.0
126499.0,0.0
126500.0,0.0
126501.0,1e+20
126502.0,1e+20
126503.0,0.0
126504.0,0.0
126505.0,0.0
126506.0,0.0
126507.0,0.0
126508.0,1e+20
126509.0,0.0
126510.0,1e+20
126511.0,1e+20
126512.0,0.0
126513.0,0.0
126514.0,0.0
126515.0,0.0
126516.0,0.0
126517.0,1e+20
126518.0,1e+20
126519.0,0.0
126520.0,0.0
126521.0,1e+20
126522.0,0.0
126523.0,1e+20
126524.0,0.0
126525.0,0.0
126526.0,1e+20
126527.0,0.0
126528.0,1e+20
126529.0,0.0
126530.0,0.0
126531.0,0.0
126532.0,0.0
126533.0,0.0
126534.0,0.0
126535.0,0.0
126536.0,0.0
126537.0,0.0
126538.0,1e+20
126539.0,1e+20
126540.0,0.0
126541.0,0.0
126542.0,0.0
126543.0,0.0
126544.0,0.0
126545.0,0.0
126546.0,1e+20
126547.0,0.0
126548.0,1e+20
126549.0,1e+20
126550.0,1e+20
126551.0,0.0
126552.0,0.0
126553.0,1e+20
126554.0,0.0
126555.0,0.0
126556.0,4.547473508864641e-13
126557.0,0.0
126558.0,0.0
126559.0,0.0
126560.0,0.0
126561.0,0.0
126562.0,0.0
126563.0,0.0
126564.0,0.0
126565.0,0.0
126566.0,0.0
126567.0,0.0
126568.0,1e+20
126569.0,1e+20
126570.0,0.0
126571.0,1e+20
126572.0,1e+20
126573.0,-4.547473508864641e-13
126574.0,1e+20
126575.0,1e+20
126576.0,0.0
126577.0,-4.547473508864641e-13
126578.0,-4.547473508864641e-13
126579.0,1e+20
126580.0,0.0
126581.0,1e+20
126582.0,1e+20
126583.0,0.0
126584.0,0.0
126585.0,0.0
126586.0,1e+20
126587.0,0.0
126588.0,0.0
126589.0,-4.547473508864641e-13
126590.0,0.0
126591.0,1e+20
126592.0,0.0
126593.0,1e+20
126594.0,0.0
126595.0,1e+20
126596.0,0.0
126597.0,0.0
126598.0,0.0
126599.0,1e+20
126600.0,1e+20
126601.0,1.554404801677265
126602.0,1e+20
126603.0,1e+20
126604.0,0.0
126605.0,1e+20
126606.0,0.0
126607.0,1e+20
126608.0,1e+20
126609.0,0.0
126610.0,0.0
126611.0,0.0
126612.0,0.0
126613.0,0.0
126614.0,1e+20
126615.0,1e+20
126616.0,0.0
126617.0,0.0
126618.0,0.0
126619.0,4.547473508864641e-13
126620.0,0.0
126621.0,4.547473508864641e-13
126622.0,1e+20
126623.0,1e+20
126624.0,0.0
126625.0,9.094947017729282e-13
126626.0,0.0
126627.0,1e+20
126628.0,0.0
126629.0,1e+20
126630.0,1e+20
126631.0,0.0
126632.0,0.0
126633.0,1e+20
126634.0,1e+20
126635.0,0.0
126636.0,1e+20
126637.0,0.0
126638.0,1e+20
126639.0,0.0
126640.0,1.0064130498958548
126641.0,1e+20
126642.0,0.0
126643.0,0.0
126644.0,1e+20
126645.0,0.0
126646.0,0.0
126647.0,0.0
126648.0,0.0
126649.0,0.0
126650.0,1e+20
126651.0,1e+20
126652.0,0.0
126653.0,1e+20
126654.0,1e+20
126655.0,1e+20
126656.0,1e+20
126657.0,0.0
126658.0,0.0
126659.0,1e+20
126660.0,1e+20
126661.0,1e+20
126662.0,0.6764803069872869
126663.0,1e+20
126664.0,1e+20
126665.0,0.0
126666.0,1e+20
126667.0,1e+20
126668.0,0.0
126669.0,0.0
126670.0,1e+20
126671.0,1e+20
126672.0,0.0
126673.0,0.0
126674.0,0.0
126675.0,0.0
126676.0,1e+20
126677.0,1e+20
126678.0,0.0
126679.0,0.0
126680.0,1e+20
126681.0,0.0
126682.0,0.0
126683.0,0.0
126684.0,0.0
126685.0,0.0
126686.0,1e+20
126687.0,1e+20
126688.0,1e+20
126689.0,1e+20
126690.0,1e+20
126691.0,1e+20
126692.0,0.0
126693.0,9.094947017729282e-13
126694.0,4.547473508864641e-13
126695.0,1e+20
126696.0,1e+20
126697.0,1e+20
126698.0,1e+20
126699.0,1e+20
126700.0,0.0
126701.0,0.0
126702.0,1e+20
126703.0,1e+20
126704.0,1e+20
126705.0,1e+20
126706.0,1e+20
126707.0,1e+20
126708.0,1e+20
126709.0,0.0
126710.0,1e+20
126711.0,0.0
126712.0,1e+20
126713.0,1e+20
126714.0,0.0
126715.0,0.0
126716.0,1e+20
126717.0,-4.547473508864641e-13
126718.0,-9.094947017729282e-13
126719.0,0.0
126720.0,1e+20
126721.0,1e+20
126722.0,0.0
126723.0,1e+20
126724.0,0.0
126725.0,1e+20
126726.0,1e+20
126727.0,0.0
126728.0,1e+20
126729.0,1e+20
126730.0,1e+20
126731.0,0.0
126732.0,0.0
126733.0,1e+20
126734.0,1e+20
126735.0,1e+20
126736.0,0.0
126737.0,0.0
126738.0,1e+20
126739.0,0.0
126740.0,1e+20
126741.0,0.0
126742.0,1e+20
126743.0,0.0
126744.0,1e+20
126745.0,1e+20
126746.0,0.0
126747.0,1e+20
126748.0,1e+20
126749.0,1e+20
126750.0,0.0
126751.0,1e+20
126752.0,1e+20
126753.0,1e+20
126754.0,0.0
126755.0,0.0
126756.0,0.0
126757.0,0.0
126758.0,0.0
126759.0,0.0
126760.0,0.0
126761.0,0.0
126762.0,0.0
126763.0,0.0
126764.0,0.0
126765.0,0.0
126766.0,1e+20
126767.0,1e+20
126768.0,1e+20
126769.0,0.0
126770.0,1e+20
126771.0,1e+20
126772.0,0.0
126773.0,0.0
126774.0,1e+20
126775.0,-4.547473508864641e-13
126776.0,1e+20
126777.0,1e+20
126778.0,0.0
126779.0,0.0
126780.0,0.0
126781.0,0.0
126782.0,0.0
126783.0,0.0
126784.0,0.0
126785.0,0.0
126786.0,1e+20
126787.0,0.0
126788.0,0.0
126789.0,0.0
126790.0,1e+20
126791.0,0.0
126792.0,0.0
126793.0,1e+20
126794.0,1e+20
126795.0,0.0
126796.0,0.0
126797.0,1e+20
126798.0,1e+20
126799.0,1e+20
126800.0,1e+20
126801.0,0.0
126802.0,1e+20
126803.0,1e+20
126804.0,0.0
126805.0,1e+20
126806.0,1e+20
126807.0,0.0
126808.0,0.0
126809.0,1e+20
126810.0,1e+20
126811.0,0.0
126812.0,0.0
126813.0,1e+20
126814.0,1e+20
126815.0,0.0
126816.0,1e+20
126817.0,0.0
126818.0,1e+20
126819.0,1e+20
126820.0,0.0
126821.0,1e+20
126822.0,0.0
126823.0,1e+20
126824.0,0.0
126825.0,1e+20
126826.0,1e+20
126827.0,1e+20
126828.0,0.0
126829.0,0.0
126830.0,0.0
126831.0,0.0
126832.0,0.0
126833.0,0.0
126834.0,0.0
126835.0,1e+20
126836.0,1e+20
126837.0,0.0
126838.0,0.0
126839.0,0.0
126840.0,0.0
126841.0,0.0
126842.0,1e+20
126843.0,0.0
126844.0,0.0
126845.0,0.0
126846.0,0.0
126847.0,0.0
126848.0,1e+20
126849.0,-4.547473508864641e-13
126850.0,0.0
126851.0,0.0
126852.0,1.7202670074129855
126853.0,1e+20
126854.0,1e+20
126855.0,0.0
126856.0,1e+20
126857.0,0.0
126858.0,1e+20
126859.0,0.0
126860.0,0.0
126861.0,1e+20
126862.0,1e+20
126863.0,1e+20
126864.0,1e+20
126865.0,0.0
126866.0,1e+20
126867.0,0.0
126868.0,0.0
126869.0,1e+20
126870.0,1e+20
126871.0,1e+20
126872.0,0.0
126873.0,0.0
126874.0,1e+20
126875.0,1e+20
126876.0,1e+20
126877.0,0.0
126878.0,0.0
126879.0,0.0
126880.0,1e+20
126881.0,0.0
126882.0,0.0
126883.0,1e+20
126884.0,0.0
126885.0,1e+20
126886.0,1.2390976862761818
126887.0,1e+20
126888.0,1e+20
126889.0,0.0
126890.0,0.0
126891.0,0.0
126892.0,0.0
126893.0,1e+20
126894.0,1e+20
126895.0,1e+20
126896.0,1e+20
126897.0,0.0
126898.0,1e+20
126899.0,0.0
126900.0,0.0
126901.0,0.0
126902.0,1e+20
126903.0,1e+20
126904.0,0.0
126905.0,0.0
126906.0,0.0
126907.0,0.0
126908.0,0.0
126909.0,0.0
126910.0,0.0
126911.0,0.0
126912.0,0.0
126913.0,0.0
126914.0,0.0
126915.0,0.0
126916.0,0.0
126917.0,0.0
126918.0,0.0
126919.0,0.0
126920.0,0.0
126921.0,0.0
126922.0,0.0
126923.0,0.0
126924.0,1e+20
126925.0,1e+20
126926.0,0.0
126927.0,0.0
126928.0,1.735455852027826
126929.0,1e+20
126930.0,0.0
126931.0,1e+20
126932.0,1e+20
126933.0,0.0
126934.0,0.0
126935.0,0.0
126936.0,0.0
126937.0,0.0
126938.0,1e+20
126939.0,0.0
126940.0,1e+20
126941.0,0.0
126942.0,1e+20
126943.0,1e+20
126944.0,1e+20
126945.0,0.0
126946.0,0.0
126947.0,0.0
126948.0,1e+20
126949.0,1e+20
126950.0,0.0
126951.0,1e+20
126952.0,1e+20
126953.0,0.0
126954.0,1.2342407929363617
126955.0,1e+20
126956.0,1e+20
126957.0,0.0
126958.0,0.0
126959.0,1e+20
126960.0,1e+20
126961.0,0.0
126962.0,1e+20
126963.0,1e+20
126964.0,1e+20
126965.0,0.0
126966.0,0.0
126967.0,0.0
126968.0,0.0
126969.0,0.0
126970.0,0.0
126971.0,0.0
126972.0,1e+20
126973.0,0.0
126974.0,1e+20
126975.0,1e+20
126976.0,0.0
126977.0,0.0
126978.0,0.0
126979.0,0.0
126980.0,1e+20
126981.0,0.0
126982.0,1e+20
126983.0,1e+20
126984.0,1e+20
126985.0,0.0
126986.0,0.0
126987.0,0.0
126988.0,0.0
126989.0,0.0
126990.0,0.0
126991.0,0.0
126992.0,-4.547473508864641e-13
126993.0,-4.547473508864641e-13
126994.0,1e+20
126995.0,1e+20
126996.0,0.0
126997.0,0.0
126998.0,0.0
126999.0,1e+20
127000.0,0.0
127001.0,0.0
127002.0,0.0
127003.0,0.0
127004.0,1e+20
127005.0,1e+20
127006.0,0.0
127007.0,0.0
127008.0,1e+20
127009.0,0.0
127010.0,0.0
127011.0,1e+20
127012.0,1e+20
127013.0,0.3870327239033031
127014.0,1e+20
127015.0,1e+20
127016.0,1e+20
127017.0,0.0
127018.0,0.0
127019.0,1e+20
127020.0,1e+20
127021.0,1e+20
127022.0,1e+20
127023.0,0.0
127024.0,0.0
127025.0,1e+20
127026.0,0.0
127027.0,0.0
127028.0,1e+20
127029.0,0.0
127030.0,1e+20
127031.0,1e+20
127032.0,1e+20
127033.0,0.0
127034.0,0.0
127035.0,0.0
127036.0,0.0
127037.0,0.0
127038.0,0.0
127039.0,0.0
127040.0,0.0
127041.0,0.0
127042.0,1e+20
127043.0,1e+20
127044.0,1e+20
127045.0,0.0
127046.0,0.0
127047.0,0.0
127048.0,0.0
127049.0,1e+20
127050.0,0.0
127051.0,0.0
127052.0,0.0
127053.0,1e+20
127054.0,1e+20
127055.0,1e+20
127056.0,1e+20
127057.0,1e+20
127058.0,1e+20
127059.0,1e+20
127060.0,1e+20
127061.0,0.0
127062.0,1e+20
127063.0,1e+20
127064.0,0.0
127065.0,0.0
127066.0,0.0
127067.0,1e+20
127068.0,1e+20
127069.0,1e+20
127070.0,1e+20
127071.0,0.0
127072.0,0.0
127073.0,1e+20
127074.0,1e+20
127075.0,0.0
127076.0,1e+20
127077.0,0.0
127078.0,0.0
127079.0,1e+20
127080.0,1e+20
127081.0,0.0
127082.0,0.0
127083.0,0.0
127084.0,1e+20
127085.0,1e+20
127086.0,9.094947017729282e-13
127087.0,0.0
127088.0,0.49201300602544507
127089.0,1e+20
127090.0,1e+20
127091.0,0.0
127092.0,1e+20
127093.0,0.0
127094.0,1e+20
127095.0,1e+20
127096.0,1e+20
127097.0,0.0
127098.0,1e+20
127099.0,-4.547473508864641e-13
127100.0,1e+20
127101.0,1e+20
127102.0,1e+20
127103.0,9.094947017729282e-13
127104.0,0.0
127105.0,1e+20
127106.0,0.0
127107.0,1e+20
127108.0,1e+20
127109.0,1e+20
127110.0,1e+20
127111.0,0.749694695472499
127112.0,1e+20
127113.0,1e+20
127114.0,0.0
127115.0,1e+20
127116.0,-9.094947017729282e-13
127117.0,1e+20
127118.0,0.0
127119.0,1e+20
127120.0,1e+20
127121.0,0.0
127122.0,1e+20
127123.0,1e+20
127124.0,0.0
127125.0,0.0
127126.0,0.0
127127.0,1e+20
127128.0,0.0
127129.0,0.0
127130.0,1e+20
127131.0,0.0
127132.0,1e+20
127133.0,1e+20
127134.0,1e+20
127135.0,1e+20
127136.0,0.0
127137.0,0.0
127138.0,0.0
127139.0,1e+20
127140.0,1e+20
127141.0,1e+20
127142.0,0.0
127143.0,0.0
127144.0,0.0
127145.0,0.0
127146.0,1e+20
127147.0,1e+20
127148.0,1e+20
127149.0,0.0
127150.0,0.0
127151.0,0.0
127152.0,1e+20
127153.0,1e+20
127154.0,0.0
127155.0,1e+20
127156.0,1.5278733407303662
127157.0,1e+20
127158.0,1e+20
127159.0,0.0
127160.0,0.0
127161.0,1e+20
127162.0,0.9773440637877684
127163.0,1e+20
127164.0,1e+20
127165.0,1e+20
127166.0,0.0
127167.0,0.0
127168.0,1e+20
127169.0,1e+20
127170.0,0.0
127171.0,1e+20
127172.0,1e+20
127173.0,1e+20
127174.0,1e+20
127175.0,0.0
127176.0,1e+20
127177.0,1e+20
127178.0,0.0
127179.0,1e+20
127180.0,0.0
127181.0,0.0
127182.0,1e+20
127183.0,0.0
127184.0,1e+20
127185.0,1e+20
127186.0,0.0
127187.0,0.0
127188.0,1e+20
127189.0,0.0
127190.0,1e+20
127191.0,0.0
127192.0,0.0
127193.0,0.0
127194.0,0.0
127195.0,1e+20
127196.0,0.0
127197.0,1e+20
127198.0,0.0
127199.0,0.0
127200.0,1e+20
127201.0,1e+20
127202.0,1e+20
127203.0,0.0
127204.0,0.0
127205.0,1.8971220370899573
127206.0,1e+20
127207.0,1e+20
127208.0,1e+20
127209.0,0.0
127210.0,0.0
127211.0,0.0
127212.0,1e+20
127213.0,1e+20
127214.0,1e+20
127215.0,1e+20
127216.0,1e+20
127217.0,0.0
127218.0,0.0
127219.0,0.0
127220.0,0.0
127221.0,0.0
127222.0,1e+20
127223.0,0.0
127224.0,1e+20
127225.0,1e+20
127226.0,0.0
127227.0,0.0
127228.0,0.0
127229.0,0.0
127230.0,1e+20
127231.0,0.0
127232.0,1e+20
127233.0,1e+20
127234.0,1e+20
127235.0,1e+20
127236.0,1e+20
127237.0,0.0
127238.0,1e+20
127239.0,0.0
127240.0,0.0
127241.0,1.5957352799923683
127242.0,1e+20
127243.0,1e+20
127244.0,1e+20
127245.0,1e+20
127246.0,1e+20
127247.0,0.0
127248.0,0.0
127249.0,1e+20
127250.0,0.05600583137038484
127251.0,1e+20
127252.0,1e+20
127253.0,0.0
127254.0,0.0
127255.0,0.0
127256.0,0.0
127257.0,1e+20
127258.0,1e+20
127259.0,0.0
127260.0,0.0
127261.0,0.0
127262.0,1e+20
127263.0,1e+20
127264.0,1e+20
127265.0,1e+20
127266.0,0.0
127267.0,0.0
127268.0,0.0
127269.0,0.0
127270.0,0.0
127271.0,1e+20
127272.0,0.0
127273.0,0.0
127274.0,0.0
127275.0,1e+20
127276.0,0.0
127277.0,0.0
127278.0,1e+20
127279.0,0.0
127280.0,0.0
127281.0,0.0
127282.0,0.0
127283.0,0.0
127284.0,1e+20
127285.0,0.0
127286.0,1e+20
127287.0,0.0
127288.0,0.0
127289.0,0.0
127290.0,0.0
127291.0,0.0
127292.0,0.3092765837332081
127293.0,1.1420049685375488
127294.0,1e+20
127295.0,1.5140324550411606
127296.0,1e+20
127297.0,1e+20
127298.0,1e+20
127299.0,0.0
127300.0,0.0
127301.0,0.0
127302.0,0.0
127303.0,0.0
127304.0,0.0
127305.0,0.0
127306.0,0.0
127307.0,0.0
127308.0,1e+20
127309.0,1e+20
127310.0,1e+20
127311.0,1e+20
127312.0,0.0
127313.0,0.0
127314.0,1e+20
127315.0,0.0
127316.0,1e+20
127317.0,1e+20
127318.0,1e+20
127319.0,1e+20
127320.0,1e+20
127321.0,0.0
127322.0,1e+20
127323.0,0.0
127324.0,1e+20
127325.0,1e+20
127326.0,-4.547473508864641e-13
127327.0,1.3642420526593924e-12
127328.0,0.0
127329.0,0.0
127330.0,1e+20
127331.0,1e+20
127332.0,1e+20
127333.0,0.0
127334.0,1e+20
127335.0,0.0
127336.0,1e+20
127337.0,1e+20
127338.0,0.0
127339.0,0.0
127340.0,1e+20
127341.0,0.0
127342.0,1e+20
127343.0,0.0
127344.0,0.0
127345.0,1e+20
127346.0,1.21787980589761
127347.0,1e+20
127348.0,1e+20
127349.0,0.0
127350.0,0.0
127351.0,0.0
127352.0,0.0
127353.0,0.0
127354.0,0.0
127355.0,1e+20
127356.0,0.0
127357.0,1e+20
127358.0,0.0
127359.0,1e+20
127360.0,1e+20
127361.0,1e+20
127362.0,1e+20
127363.0,0.0
127364.0,0.0
127365.0,1.9336053079887279
127366.0,1e+20
127367.0,1e+20
127368.0,0.0
127369.0,0.0
127370.0,1.3849424794802871
127371.0,1e+20
127372.0,0.0
127373.0,0.0
127374.0,1e+20
127375.0,1e+20
127376.0,1e+20
127377.0,1e+20
127378.0,1e+20
127379.0,1e+20
127380.0,0.0
127381.0,4.547473508864641e-13
127382.0,0.0
127383.0,0.0
127384.0,0.0
127385.0,1e+20
127386.0,1e+20
127387.0,1e+20
127388.0,1e+20
127389.0,1e+20
127390.0,0.0
127391.0,1e+20
127392.0,0.0
127393.0,1e+20
127394.0,1e+20
127395.0,0.0
127396.0,0.0
127397.0,0.0
127398.0,0.0
127399.0,0.0
127400.0,1e+20
127401.0,1e+20
127402.0,0.0
127403.0,1e+20
127404.0,1e+20
127405.0,4.547473508864641e-13
127406.0,1.9432545094800844
127407.0,1e+20
127408.0,1e+20
127409.0,1e+20
127410.0,0.0
127411.0,0.0
127412.0,1e+20
127413.0,1e+20
127414.0,1e+20
127415.0,1e+20
127416.0,1e+20
127417.0,0.0
127418.0,0.0
127419.0,1e+20
127420.0,1e+20
127421.0,0.0
127422.0,1e+20
127423.0,1e+20
127424.0,0.0
127425.0,1e+20
127426.0,1e+20
127427.0,0.761149751128869
127428.0,1e+20
127429.0,1e+20
127430.0,1e+20
127431.0,0.0
127432.0,0.0
127433.0,1e+20
127434.0,0.0
127435.0,0.0
127436.0,0.0
127437.0,0.0
127438.0,0.0
127439.0,0.0
127440.0,0.0
127441.0,0.0
127442.0,1e+20
127443.0,1e+20
127444.0,1e+20
127445.0,1e+20
127446.0,1e+20
127447.0,0.0
127448.0,0.0
127449.0,0.08835527535711662
127450.0,1e+20
127451.0,1.771372424567744
127452.0,1e+20
127453.0,1e+20
127454.0,-9.094947017729282e-13
127455.0,-4.547473508864641e-13
127456.0,0.0
127457.0,1e+20
127458.0,1e+20
127459.0,1e+20
127460.0,0.0
127461.0,0.0
127462.0,0.0
127463.0,1e+20
127464.0,0.0
127465.0,1e+20
127466.0,0.0
127467.0,1e+20
127468.0,1e+20
127469.0,1e+20
127470.0,1e+20
127471.0,0.0
127472.0,0.0
127473.0,0.0
127474.0,0.0
127475.0,0.0
127476.0,1e+20
127477.0,0.0
127478.0,1e+20
127479.0,0.0
127480.0,1e+20
127481.0,1e+20
127482.0,0.0
127483.0,0.0
127484.0,0.0
127485.0,1e+20
127486.0,0.0
127487.0,1e+20
127488.0,1e+20
127489.0,0.7689632720707777
127490.0,1e+20
127491.0,1e+20
127492.0,1e+20
127493.0,1e+20
127494.0,1e+20
127495.0,-4.547473508864641e-13
127496.0,0.0
127497.0,1e+20
127498.0,0.0
127499.0,1e+20
127500.0,1e+20
127501.0,0.0
127502.0,0.0
127503.0,0.0
127504.0,0.0
127505.0,0.0
127506.0,1e+20
127507.0,1.0968596523402994
127508.0,1e+20
127509.0,1.7546176258952073
127510.0,1e+20
127511.0,1e+20
127512.0,0.0
127513.0,1e+20
127514.0,0.0
127515.0,1e+20
127516.0,0.0
127517.0,0.0
127518.0,1e+20
127519.0,1e+20
127520.0,0.0
127521.0,0.0
127522.0,0.0
127523.0,0.0
127524.0,1.0447944972825098
127525.0,1e+20
127526.0,1e+20
127527.0,0.0
127528.0,0.0
127529.0,0.0
127530.0,0.0
127531.0,1e+20
127532.0,1e+20
127533.0,0.0
127534.0,0.0
127535.0,1e+20
127536.0,1e+20
127537.0,0.0
127538.0,1e+20
127539.0,0.0
127540.0,0.0
127541.0,1e+20
127542.0,1e+20
127543.0,0.0
127544.0,0.0
127545.0,0.0
127546.0,1e+20
127547.0,1e+20
127548.0,1e+20
127549.0,1e+20
127550.0,1e+20
127551.0,0.0
127552.0,0.0
127553.0,1e+20
127554.0,1e+20
127555.0,0.8203098705321281
127556.0,1e+20
127557.0,1e+20
127558.0,0.0
127559.0,1e+20
127560.0,0.0
127561.0,1e+20
127562.0,1e+20
127563.0,1e+20
127564.0,1e+20
127565.0,1e+20
127566.0,0.0
127567.0,0.0
127568.0,1e+20
127569.0,0.0
127570.0,1e+20
127571.0,0.0
127572.0,0.0
127573.0,1e+20
127574.0,1.2965092232607276
127575.0,1e+20
127576.0,1e+20
127577.0,1e+20
127578.0,0.0
127579.0,1e+20
127580.0,0.0
127581.0,1e+20
127582.0,1e+20
127583.0,1e+20
127584.0,0.0
127585.0,1e+20
127586.0,1e+20
127587.0,0.0
127588.0,0.0
127589.0,0.0
127590.0,1e+20
127591.0,0.0
127592.0,0.0
127593.0,0.0
127594.0,1e+20
127595.0,0.0
127596.0,0.0
127597.0,0.0
127598.0,1e+20
127599.0,0.0
127600.0,0.0
127601.0,0.0
127602.0,1e+20
127603.0,0.0
127604.0,1e+20
127605.0,1e+20
127606.0,1e+20
127607.0,-9.094947017729282e-13
127608.0,1e+20
127609.0,1e+20
127610.0,0.0
127611.0,0.0
127612.0,0.0
127613.0,0.0
127614.0,1e+20
127615.0,1e+20
127616.0,1e+20
127617.0,1e+20
127618.0,0.0
127619.0,1e+20
127620.0,0.0
127621.0,1.6172454616307732
127622.0,1e+20
127623.0,1e+20
127624.0,1e+20
127625.0,0.0
127626.0,1e+20
127627.0,0.9862460879589889
127628.0,1e+20
127629.0,1e+20
127630.0,1e+20
127631.0,0.0
127632.0,0.0
127633.0,0.0
127634.0,0.0
127635.0,0.0
127636.0,0.0
127637.0,0.0
127638.0,0.0
127639.0,0.0
127640.0,0.0
127641.0,1e+20
127642.0,0.0
127643.0,0.0
127644.0,1e+20
127645.0,0.0
127646.0,1e+20
127647.0,1e+20
127648.0,0.0
127649.0,0.0
127650.0,0.0
127651.0,0.0
127652.0,0.0
127653.0,0.0
127654.0,0.0
127655.0,1.6890976622239577
127656.0,1e+20
127657.0,1e+20
127658.0,1e+20
127659.0,1e+20
127660.0,1e+20
127661.0,1e+20
127662.0,9.094947017729282e-13
127663.0,1e+20
127664.0,1e+20
127665.0,1e+20
127666.0,1e+20
127667.0,0.0
127668.0,1e+20
127669.0,0.0
127670.0,1e+20
127671.0,1.1139319829280794
127672.0,1e+20
127673.0,1e+20
127674.0,0.0
127675.0,0.0
127676.0,1e+20
127677.0,0.0
127678.0,1e+20
127679.0,1e+20
127680.0,0.7489470746436382
127681.0,1.2606004584781658
127682.0,1e+20
127683.0,0.0
127684.0,1e+20
127685.0,0.0
127686.0,0.0
127687.0,1e+20
127688.0,0.0
127689.0,0.0
127690.0,1e+20
127691.0,1e+20
127692.0,0.0
127693.0,1e+20
127694.0,1e+20
127695.0,0.0
127696.0,0.0
127697.0,0.0
127698.0,1e+20
127699.0,1e+20
127700.0,4.547473508864641e-13
127701.0,0.0
127702.0,1e+20
127703.0,1e+20
127704.0,0.0
127705.0,1e+20
127706.0,4.547473508864641e-13
127707.0,1e+20
127708.0,1e+20
127709.0,0.0
127710.0,0.0
127711.0,1e+20
127712.0,0.0
127713.0,0.0
127714.0,1e+20
127715.0,1e+20
127716.0,0.0
127717.0,1e+20
127718.0,0.9190211413560974
127719.0,1e+20
127720.0,1e+20
127721.0,1e+20
127722.0,0.0
127723.0,1e+20
127724.0,0.16240791896871087
127725.0,1e+20
127726.0,1e+20
127727.0,1e+20
127728.0,0.05193404430292503
127729.0,1.9287827369676052
127730.0,1e+20
127731.0,1e+20
127732.0,1e+20
127733.0,0.0
127734.0,0.0
127735.0,1e+20
127736.0,0.0
127737.0,1e+20
127738.0,0.0
127739.0,0.0
127740.0,0.0
127741.0,0.0
127742.0,0.0
127743.0,1e+20
127744.0,1e+20
127745.0,1e+20
127746.0,0.0
127747.0,0.0
127748.0,0.0
127749.0,1.9730101679515428
127750.0,1e+20
127751.0,1e+20
127752.0,1e+20
127753.0,1e+20
127754.0,0.0
127755.0,0.0
127756.0,0.0
127757.0,0.0
127758.0,-4.547473508864641e-13
127759.0,0.0
127760.0,0.0
127761.0,0.18351472935728452
127762.0,0.0
127763.0,1e+20
127764.0,0.0
127765.0,1e+20
127766.0,1e+20
127767.0,1e+20
127768.0,0.0
127769.0,0.0
127770.0,0.0
127771.0,1e+20
127772.0,0.0
127773.0,1e+20
127774.0,1e+20
127775.0,0.0
127776.0,1e+20
127777.0,0.0
127778.0,1e+20
127779.0,0.0
127780.0,1e+20
127781.0,0.0
127782.0,1e+20
127783.0,1e+20
127784.0,1e+20
127785.0,0.0
127786.0,0.0
127787.0,1e+20
127788.0,0.0
127789.0,0.0
127790.0,1e+20
127791.0,0.0
127792.0,0.0
127793.0,1e+20
127794.0,0.0
127795.0,0.41196684628721414
127796.0,1e+20
127797.0,1e+20
127798.0,1e+20
127799.0,1e+20
127800.0,1e+20
127801.0,1e+20
127802.0,0.0
127803.0,0.0
127804.0,1e+20
127805.0,0.0
127806.0,4.547473508864641e-13
127807.0,1e+20
127808.0,-4.547473508864641e-13
127809.0,1e+20
127810.0,1e+20
127811.0,-1.3642420526593924e-12
127812.0,1e+20
127813.0,0.0
127814.0,1e+20
127815.0,0.0
127816.0,1e+20
127817.0,1e+20
127818.0,0.0
127819.0,1e+20
127820.0,1e+20
127821.0,0.0
127822.0,1e+20
127823.0,0.0
127824.0,1e+20
127825.0,1e+20
127826.0,0.0
127827.0,0.0
127828.0,0.0
127829.0,0.0
127830.0,1e+20
127831.0,1e+20
127832.0,0.0
127833.0,0.0
127834.0,0.0
127835.0,9.094947017729282e-13
127836.0,1e+20
127837.0,1e+20
127838.0,1e+20
127839.0,0.0
127840.0,0.0
127841.0,1e+20
127842.0,1e+20
127843.0,0.0
127844.0,1e+20
127845.0,0.0
127846.0,0.0
127847.0,1.349024812119751
127848.0,1e+20
127849.0,1e+20
127850.0,1e+20
127851.0,0.0
127852.0,1e+20
127853.0,1e+20
127854.0,0.0
127855.0,0.0
127856.0,1e+20
127857.0,1e+20
127858.0,1e+20
127859.0,1e+20
127860.0,1e+20
127861.0,1e+20
127862.0,1e+20
127863.0,0.0
127864.0,1e+20
127865.0,1e+20
127866.0,0.0
127867.0,1e+20
127868.0,0.0
127869.0,0.0
127870.0,0.0
127871.0,1e+20
127872.0,0.0
127873.0,0.0
127874.0,1e+20
127875.0,0.0
127876.0,1e+20
127877.0,1e+20
127878.0,0.0
127879.0,1e+20
127880.0,0.0
127881.0,0.0
127882.0,1e+20
127883.0,1e+20
127884.0,0.0
127885.0,0.5689307058632949
127886.0,1e+20
127887.0,1e+20
127888.0,1e+20
127889.0,1e+20
127890.0,1e+20
127891.0,0.0
127892.0,0.0
127893.0,9.094947017729282e-13
127894.0,1e+20
127895.0,0.0
127896.0,1e+20
127897.0,0.0
127898.0,1e+20
127899.0,0.0
127900.0,1e+20
127901.0,0.0
127902.0,0.0
127903.0,1e+20
127904.0,1e+20
127905.0,0.5288643533122013
127906.0,1e+20
127907.0,1e+20
127908.0,1e+20
127909.0,1e+20
127910.0,1e+20
127911.0,0.0
127912.0,0.0
127913.0,1e+20
127914.0,1e+20
127915.0,0.0
127916.0,0.0
127917.0,0.0
127918.0,1e+20
127919.0,1e+20
127920.0,0.0
127921.0,1e+20
127922.0,0.0
127923.0,1e+20
127924.0,1e+20
127925.0,0.0
127926.0,1e+20
127927.0,1.8193678055913551
127928.0,1e+20
127929.0,1e+20
127930.0,1e+20
127931.0,0.8941994301994782
127932.0,1e+20
127933.0,1e+20
127934.0,0.0
127935.0,0.0
127936.0,0.0
127937.0,1e+20
127938.0,1e+20
127939.0,1e+20
127940.0,0.0
127941.0,0.0
127942.0,0.0
127943.0,0.0
127944.0,1e+20
127945.0,1e+20
127946.0,1e+20
127947.0,0.0
127948.0,0.0
127949.0,0.0
127950.0,1e+20
127951.0,1e+20
127952.0,0.0
127953.0,1e+20
127954.0,1e+20
127955.0,1e+20
127956.0,0.0
127957.0,0.0
127958.0,0.0
127959.0,0.0
127960.0,1e+20
127961.0,0.0
127962.0,0.0
127963.0,0.0
127964.0,1e+20
127965.0,0.0
127966.0,1e+20
127967.0,1e+20
127968.0,0.0
127969.0,0.0
127970.0,1e+20
127971.0,0.0
127972.0,1e+20
127973.0,0.0
127974.0,0.0
127975.0,1e+20
127976.0,1e+20
127977.0,0.0
127978.0,1e+20
127979.0,0.0
127980.0,1e+20
127981.0,0.0
127982.0,0.0
127983.0,0.0
127984.0,1e+20
127985.0,1e+20
127986.0,1e+20
127987.0,1e+20
127988.0,1e+20
127989.0,1e+20
127990.0,1e+20
127991.0,0.0
127992.0,1e+20
127993.0,0.0
127994.0,0.0
127995.0,1e+20
127996.0,1e+20
127997.0,0.0
127998.0,1e+20
127999.0,0.0
128000.0,0.0
128001.0,0.0
128002.0,1e+20
128003.0,1e+20
128004.0,1e+20
128005.0,1e+20
128006.0,1e+20
128007.0,1e+20
128008.0,0.0
128009.0,0.0
128010.0,1e+20
128011.0,1e+20
128012.0,1e+20
128013.0,0.0
128014.0,0.0
128015.0,1e+20
128016.0,0.0
128017.0,0.0
128018.0,0.0
128019.0,0.0
128020.0,1e+20
128021.0,1.5132931017542433
128022.0,1e+20
128023.0,1e+20
128024.0,1e+20
128025.0,1e+20
128026.0,1e+20
128027.0,0.0
128028.0,1e+20
128029.0,0.0
128030.0,1e+20
128031.0,1.6335269936139412
128032.0,1e+20
128033.0,1e+20
128034.0,0.0
128035.0,0.0
128036.0,0.0
128037.0,0.0
128038.0,0.0
128039.0,1e+20
128040.0,0.0
128041.0,0.0
128042.0,0.0
128043.0,1e+20
128044.0,1e+20
128045.0,0.0
128046.0,0.0
128047.0,0.0
128048.0,0.0
128049.0,0.0
128050.0,1e+20
128051.0,0.0
128052.0,0.0
128053.0,1e+20
128054.0,0.0
128055.0,1e+20
128056.0,1e+20
128057.0,0.0
128058.0,0.0
128059.0,0.0
128060.0,1e+20
128061.0,1e+20
128062.0,0.0
128063.0,0.0
128064.0,1e+20
128065.0,0.0
128066.0,0.0
128067.0,1e+20
128068.0,1e+20
128069.0,0.0
128070.0,1e+20
128071.0,0.0
128072.0,0.0
128073.0,1e+20
128074.0,1e+20
128075.0,1e+20
128076.0,0.0
128077.0,1e+20
128078.0,1e+20
128079.0,0.0
128080.0,0.0
128081.0,1e+20
128082.0,1e+20
128083.0,1e+20
128084.0,1e+20
128085.0,0.0
128086.0,0.0
128087.0,0.0
128088.0,0.0
128089.0,1e+20
128090.0,0.0
128091.0,1e+20
128092.0,0.0
128093.0,1e+20
128094.0,0.0
128095.0,0.0
128096.0,0.0
128097.0,0.0
128098.0,1e+20
128099.0,0.0
128100.0,1e+20
128101.0,0.0
128102.0,1e+20
128103.0,0.0
128104.0,1e+20
128105.0,0.0
128106.0,1e+20
128107.0,1e+20
128108.0,1e+20
128109.0,1e+20
128110.0,1e+20
128111.0,1e+20
128112.0,1e+20
128113.0,0.0
128114.0,1e+20
128115.0,1e+20
128116.0,1e+20
128117.0,0.0
128118.0,0.0
128119.0,1e+20
128120.0,0.0
128121.0,0.0
128122.0,1e+20
128123.0,1e+20
128124.0,1e+20
128125.0,1e+20
128126.0,-4.547473508864641e-13
128127.0,-4.547473508864641e-13
128128.0,4.547473508864641e-13
128129.0,0.0
128130.0,0.0
128131.0,0.0
128132.0,1e+20
128133.0,1e+20
128134.0,0.0
128135.0,0.0
128136.0,1e+20
128137.0,1e+20
128138.0,1e+20
128139.0,1e+20
128140.0,1e+20
128141.0,0.0
128142.0,1e+20
128143.0,1e+20
128144.0,0.0
128145.0,0.0
128146.0,0.0
128147.0,0.0
128148.0,0.0
128149.0,0.0
128150.0,0.0
128151.0,0.0
128152.0,1e+20
128153.0,1e+20
128154.0,0.0
128155.0,0.0
128156.0,1e+20
128157.0,1e+20
128158.0,0.0
128159.0,0.0
128160.0,0.0
128161.0,1e+20
128162.0,0.0
128163.0,1.7119684681269973
128164.0,1e+20
128165.0,1e+20
128166.0,0.0
128167.0,0.0
128168.0,0.0
128169.0,1e+20
128170.0,0.0
128171.0,0.0
128172.0,1e+20
128173.0,1e+20
128174.0,0.0
128175.0,1e+20
128176.0,0.0
128177.0,0.0
128178.0,0.0
128179.0,1e+20
128180.0,1e+20
128181.0,0.0
128182.0,0.0
128183.0,0.0
128184.0,0.0
128185.0,1e+20
128186.0,0.0
128187.0,1e+20
128188.0,1e+20
128189.0,1e+20
128190.0,1e+20
128191.0,0.0
128192.0,0.8498281224424318
128193.0,1e+20
128194.0,1e+20
128195.0,1e+20
128196.0,0.0
128197.0,0.0
128198.0,0.0
128199.0,1e+20
128200.0,1e+20
128201.0,1e+20
128202.0,0.0
128203.0,0.0
128204.0,1e+20
128205.0,1e+20
128206.0,1e+20
128207.0,1e+20
128208.0,1e+20
128209.0,1e+20
128210.0,1e+20
128211.0,1e+20
128212.0,1e+20
128213.0,0.0
128214.0,0.0
128215.0,0.0
128216.0,1e+20
128217.0,0.0
128218.0,0.35332948371342354
128219.0,1e+20
128220.0,1e+20
128221.0,0.0
128222.0,0.0
128223.0,1e+20
128224.0,0.0
128225.0,0.0
128226.0,1e+20
128227.0,0.0
128228.0,1e+20
128229.0,0.0
128230.0,1e+20
128231.0,1e+20
128232.0,1e+20
128233.0,1e+20
128234.0,1e+20
128235.0,4.547473508864641e-13
128236.0,-4.547473508864641e-13
128237.0,1e+20
128238.0,1e+20
128239.0,1e+20
128240.0,1e+20
128241.0,1e+20
128242.0,0.0
128243.0,0.0
128244.0,0.0
128245.0,1e+20
128246.0,0.0
128247.0,1e+20
128248.0,1e+20
128249.0,0.0
128250.0,0.0
128251.0,0.0
128252.0,1e+20
128253.0,1e+20
128254.0,1e+20
128255.0,1e+20
128256.0,0.0
128257.0,0.0
128258.0,1e+20
128259.0,0.0
128260.0,0.0
128261.0,1e+20
128262.0,1e+20
128263.0,1e+20
128264.0,0.0
128265.0,0.0
128266.0,1e+20
128267.0,0.0
128268.0,1e+20
128269.0,1e+20
128270.0,1e+20
128271.0,0.0
128272.0,0.0
128273.0,0.0
128274.0,0.0
128275.0,1e+20
128276.0,1e+20
128277.0,1e+20
128278.0,1e+20
128279.0,1e+20
128280.0,0.0
128281.0,1e+20
128282.0,0.0
128283.0,1e+20
128284.0,-1.3642420526593924e-12
128285.0,1e+20
128286.0,1e+20
128287.0,1e+20
128288.0,1e+20
128289.0,1e+20
128290.0,0.0
128291.0,0.0
128292.0,1.950537002061992
128293.0,1e+20
128294.0,1e+20
128295.0,1e+20
128296.0,1e+20
128297.0,1.9712671905699608
128298.0,1e+20
128299.0,1e+20
128300.0,1e+20
128301.0,1e+20
128302.0,0.0
128303.0,0.0
128304.0,1e+20
128305.0,0.0
128306.0,0.0
128307.0,1e+20
128308.0,1e+20
128309.0,0.0
128310.0,1e+20
128311.0,1e+20
128312.0,1e+20
128313.0,1e+20
128314.0,1e+20
128315.0,0.0
128316.0,0.0
128317.0,1e+20
128318.0,0.0
128319.0,0.0
128320.0,1e+20
128321.0,1e+20
128322.0,0.0
128323.0,1.6636086314119893
128324.0,1e+20
128325.0,1e+20
128326.0,0.0
128327.0,0.0
128328.0,1e+20
128329.0,0.0
128330.0,1e+20
128331.0,1e+20
128332.0,1e+20
128333.0,1e+20
128334.0,0.706379725995248
128335.0,1e+20
128336.0,1e+20
128337.0,1e+20
128338.0,1e+20
128339.0,0.0
128340.0,1e+20
128341.0,1e+20
128342.0,1e+20
128343.0,1e+20
128344.0,1e+20
128345.0,1e+20
128346.0,1e+20
128347.0,0.0
128348.0,1e+20
128349.0,1e+20
128350.0,1e+20
128351.0,1e+20
128352.0,1e+20
128353.0,0.0
128354.0,0.0
128355.0,0.0
128356.0,0.0
128357.0,0.0
128358.0,0.0
128359.0,1e+20
128360.0,0.0
128361.0,1e+20
128362.0,1e+20
128363.0,1e+20
128364.0,0.0
128365.0,0.0
128366.0,0.0
128367.0,0.0
128368.0,1e+20
128369.0,0.0
128370.0,1e+20
128371.0,1.3061416456830557
128372.0,1e+20
128373.0,1e+20
128374.0,0.0
128375.0,1e+20
128376.0,0.0
128377.0,0.0
128378.0,1e+20
128379.0,1e+20
128380.0,1e+20
128381.0,0.0
128382.0,1e+20
128383.0,0.0
128384.0,1e+20
128385.0,1e+20
128386.0,1e+20
128387.0,1e+20
128388.0,0.0
128389.0,0.0
128390.0,1e+20
128391.0,1e+20
128392.0,1e+20
128393.0,0.0
128394.0,0.0
128395.0,0.0
128396.0,1e+20
128397.0,0.0
128398.0,0.0
128399.0,0.0
128400.0,1e+20
128401.0,1e+20
128402.0,1e+20
128403.0,1e+20
128404.0,1e+20
128405.0,1.972631809232098
128406.0,1e+20
128407.0,1e+20
128408.0,1e+20
128409.0,0.0
128410.0,0.0
128411.0,1e+20
128412.0,1e+20
128413.0,1e+20
128414.0,0.0
128415.0,0.0
128416.0,0.0
128417.0,0.0
128418.0,0.0
128419.0,0.0
128420.0,1e+20
128421.0,1e+20
128422.0,0.0
128423.0,0.0
128424.0,1e+20
128425.0,1e+20
128426.0,1e+20
128427.0,1e+20
128428.0,1e+20
128429.0,1e+20
128430.0,1e+20
128431.0,1e+20
128432.0,0.0
128433.0,1e+20
128434.0,1e+20
128435.0,0.0
128436.0,1e+20
128437.0,0.0
128438.0,0.0
128439.0,1e+20
128440.0,1e+20
128441.0,0.0
128442.0,1e+20
128443.0,0.0
128444.0,0.0
128445.0,1e+20
128446.0,1e+20
128447.0,1e+20
128448.0,0.0
128449.0,1e+20
128450.0,1e+20
128451.0,1e+20
128452.0,0.0
128453.0,0.0
128454.0,0.0
128455.0,1e+20
128456.0,0.0
128457.0,0.0
128458.0,0.0
128459.0,1e+20
128460.0,1e+20
128461.0,1e+20
128462.0,1e+20
128463.0,1e+20
128464.0,0.0
128465.0,0.0
128466.0,0.0
128467.0,0.0
128468.0,1e+20
128469.0,1e+20
128470.0,0.0
128471.0,0.0
128472.0,1e+20
128473.0,0.0
128474.0,1e+20
128475.0,1e+20
128476.0,1e+20
128477.0,1e+20
128478.0,0.0
128479.0,0.0
128480.0,1e+20
128481.0,0.0
128482.0,1e+20
128483.0,0.0
128484.0,1e+20
128485.0,1e+20
128486.0,1e+20
128487.0,1e+20
128488.0,0.0
128489.0,0.0
128490.0,1e+20
128491.0,0.0
128492.0,1e+20
128493.0,1e+20
128494.0,1e+20
128495.0,-4.547473508864641e-13
128496.0,1e+20
128497.0,1e+20
128498.0,1e+20
128499.0,0.0
128500.0,0.0
128501.0,1e+20
128502.0,0.0
128503.0,1e+20
128504.0,0.0
128505.0,0.0
128506.0,0.0
128507.0,0.0
128508.0,0.0
128509.0,1e+20
128510.0,0.0
128511.0,1e+20
128512.0,1e+20
128513.0,1e+20
128514.0,1e+20
128515.0,0.0
128516.0,0.0
128517.0,0.0
128518.0,0.0
128519.0,1.087560203711746
128520.0,1e+20
128521.0,1e+20
128522.0,1e+20
128523.0,1e+20
128524.0,1e+20
128525.0,0.0
128526.0,0.0
128527.0,1e+20
128528.0,0.0
128529.0,0.0
128530.0,0.0
128531.0,1e+20
128532.0,1e+20
128533.0,0.0
128534.0,0.0
128535.0,1e+20
128536.0,1e+20
128537.0,1e+20
128538.0,1e+20
128539.0,1e+20
128540.0,0.6315167939683306
128541.0,1e+20
128542.0,1e+20
128543.0,1e+20
128544.0,0.0
128545.0,0.0
128546.0,0.0
128547.0,0.0
128548.0,1e+20
128549.0,0.0
128550.0,0.0
128551.0,0.0
128552.0,0.0
128553.0,0.0
128554.0,1e+20
128555.0,1e+20
128556.0,0.0
128557.0,0.0
128558.0,1.785183709479952
128559.0,1e+20
128560.0,1e+20
128561.0,0.0
128562.0,0.0
128563.0,0.0
128564.0,1e+20
128565.0,1e+20
128566.0,1e+20
128567.0,0.0
128568.0,0.0
128569.0,0.0
128570.0,0.0
128571.0,1e+20
128572.0,1e+20
128573.0,1e+20
128574.0,1e+20
128575.0,1e+20
128576.0,1e+20
128577.0,1e+20
128578.0,1e+20
128579.0,0.0
128580.0,0.0
128581.0,1e+20
128582.0,1e+20
128583.0,0.0
128584.0,0.0
128585.0,0.0
128586.0,0.0
128587.0,0.0
128588.0,0.0
128589.0,1e+20
128590.0,1.069906937426822
128591.0,1e+20
128592.0,1e+20
128593.0,1e+20
128594.0,0.0
128595.0,0.0
128596.0,0.0
128597.0,1e+20
128598.0,0.0
128599.0,1e+20
128600.0,0.0
128601.0,1e+20
128602.0,1e+20
128603.0,0.0
128604.0,0.0
128605.0,1e+20
128606.0,0.0
128607.0,0.0
128608.0,1e+20
128609.0,0.0
128610.0,0.0
128611.0,1e+20
128612.0,1.8500460964951344
128613.0,1e+20
128614.0,1e+20
128615.0,1e+20
128616.0,1e+20
128617.0,1e+20
128618.0,0.0
128619.0,0.0
128620.0,1e+20
128621.0,0.0
128622.0,0.0
128623.0,1e+20
128624.0,0.0
128625.0,1e+20
128626.0,0.0
128627.0,0.0
128628.0,0.0
128629.0,1e+20
128630.0,1e+20
128631.0,1e+20
128632.0,1e+20
128633.0,1e+20
128634.0,0.0
128635.0,1e+20
128636.0,0.0
128637.0,0.0
128638.0,1e+20
128639.0,0.0
128640.0,0.41545262555064255
128641.0,1e+20
128642.0,1e+20
128643.0,1e+20
128644.0,1e+20
128645.0,0.0
128646.0,0.0
128647.0,1e+20
128648.0,0.0
128649.0,4.547473508864641e-13
128650.0,1e+20
128651.0,1e+20
128652.0,1e+20
128653.0,0.0
128654.0,0.0
128655.0,0.0
128656.0,1e+20
128657.0,1e+20
128658.0,1e+20
128659.0,1e+20
128660.0,0.0
128661.0,0.0
128662.0,1e+20
128663.0,1e+20
128664.0,1e+20
128665.0,1e+20
128666.0,0.0
128667.0,0.0
128668.0,1e+20
128669.0,1.905708055674495
128670.0,1e+20
128671.0,1e+20
128672.0,0.0
128673.0,0.0
128674.0,1e+20
128675.0,1e+20
128676.0,1e+20
128677.0,1e+20
128678.0,0.0
128679.0,1e+20
128680.0,9.094947017729282e-13
128681.0,1e+20
128682.0,0.0
128683.0,1e+20
128684.0,1e+20
128685.0,1e+20
128686.0,0.0
128687.0,1e+20
128688.0,0.0
128689.0,0.0
128690.0,1e+20
128691.0,1e+20
128692.0,0.0
128693.0,0.0
128694.0,1e+20
128695.0,1e+20
128696.0,1e+20
128697.0,1e+20
128698.0,1e+20
128699.0,1e+20
128700.0,0.0
128701.0,0.0
128702.0,0.0
128703.0,0.0
128704.0,1e+20
128705.0,1e+20
128706.0,0.0
128707.0,0.0
128708.0,0.0
128709.0,0.0
128710.0,0.0
128711.0,1e+20
128712.0,1e+20
128713.0,1e+20
128714.0,1e+20
128715.0,0.0
128716.0,0.0
128717.0,0.0
128718.0,0.44507784431152686
128719.0,1e+20
128720.0,0.4530651661343654
128721.0,1e+20
128722.0,1e+20
128723.0,1e+20
128724.0,1e+20
128725.0,9.094947017729282e-13
128726.0,1e+20
128727.0,1e+20
128728.0,0.0
128729.0,0.0
128730.0,1e+20
128731.0,0.0
128732.0,0.0
128733.0,1e+20
128734.0,1e+20
128735.0,0.9182057721091041
128736.0,1e+20
128737.0,1e+20
128738.0,0.0
128739.0,0.0
128740.0,0.0
128741.0,0.0
128742.0,1e+20
128743.0,1e+20
128744.0,0.0
128745.0,1e+20
128746.0,1e+20
128747.0,0.0
128748.0,0.0
128749.0,1e+20
128750.0,0.0
128751.0,1e+20
128752.0,0.0
128753.0,0.0
128754.0,1.916812719956397
128755.0,1e+20
128756.0,1e+20
128757.0,1e+20
128758.0,1e+20
128759.0,1e+20
128760.0,0.0
128761.0,1e+20
128762.0,1e+20
128763.0,1e+20
128764.0,0.0
128765.0,1e+20
128766.0,0.0
128767.0,0.0
128768.0,0.0
128769.0,0.0
128770.0,1e+20
128771.0,1e+20
128772.0,1e+20
128773.0,1e+20
128774.0,1e+20
128775.0,0.0
128776.0,0.0
128777.0,0.0
128778.0,0.0
128779.0,0.0
128780.0,0.0
128781.0,1e+20
128782.0,1e+20
128783.0,0.0
128784.0,1e+20
128785.0,1e+20
128786.0,1e+20
128787.0,1e+20
128788.0,1e+20
128789.0,1e+20
128790.0,0.0
128791.0,0.0
128792.0,1e+20
128793.0,1e+20
128794.0,0.0
128795.0,1e+20
128796.0,0.0
128797.0,1e+20
128798.0,0.0
128799.0,0.0
128800.0,1e+20
128801.0,1e+20
128802.0,1e+20
128803.0,0.0
128804.0,1e+20
128805.0,1e+20
128806.0,1e+20
128807.0,0.0
128808.0,0.0
128809.0,0.0
128810.0,1e+20
128811.0,1e+20
128812.0,1e+20
128813.0,1e+20
128814.0,0.0
128815.0,1e+20
128816.0,1e+20
128817.0,1e+20
128818.0,1e+20
128819.0,1e+20
128820.0,1e+20
128821.0,0.0
128822.0,1.3642420526593924e-12
128823.0,1e+20
128824.0,0.0
128825.0,1e+20
128826.0,1e+20
128827.0,1e+20
128828.0,1e+20
128829.0,1.42619607147617
128830.0,1e+20
128831.0,1e+20
128832.0,1e+20
128833.0,1e+20
128834.0,0.0
128835.0,0.0
128836.0,1e+20
128837.0,1e+20
128838.0,0.045886118149155664
128839.0,1e+20
128840.0,1e+20
128841.0,0.0
128842.0,0.0
128843.0,0.0
128844.0,1e+20
128845.0,1e+20
128846.0,0.0
128847.0,0.0
128848.0,0.0
128849.0,1e+20
128850.0,1e+20
128851.0,0.0
128852.0,0.4651048670757518
128853.0,1e+20
128854.0,1e+20
128855.0,1e+20
128856.0,1e+20
128857.0,0.0
128858.0,0.0
128859.0,0.0
128860.0,0.7473699418169417
128861.0,1e+20
128862.0,1e+20
128863.0,1e+20
128864.0,0.0
128865.0,1e+20
128866.0,1.531708239125237
128867.0,1e+20
128868.0,1e+20
128869.0,0.0
128870.0,1e+20
128871.0,0.0
128872.0,1e+20
128873.0,1e+20
128874.0,0.0
128875.0,0.0
128876.0,1e+20
128877.0,0.0
128878.0,0.0
128879.0,1.502324872322788
128880.0,1e+20
128881.0,1.9035924722657
128882.0,1e+20
128883.0,0.0
128884.0,0.0
128885.0,1e+20
128886.0,1e+20
128887.0,0.0
128888.0,1e+20
128889.0,1e+20
128890.0,0.0
128891.0,0.0
128892.0,0.0
128893.0,0.0
128894.0,0.0
128895.0,1e+20
128896.0,1e+20
128897.0,0.0
128898.0,1e+20
128899.0,1e+20
128900.0,0.0
128901.0,0.0
128902.0,1e+20
128903.0,0.0
128904.0,1e+20
128905.0,0.0
128906.0,1e+20
128907.0,1e+20
128908.0,0.0
128909.0,1e+20
128910.0,0.0
128911.0,0.0
128912.0,1e+20
128913.0,0.0
128914.0,1e+20
128915.0,1e+20
128916.0,0.0
128917.0,1e+20
128918.0,1e+20
128919.0,0.0
128920.0,0.0
128921.0,1e+20
128922.0,1e+20
128923.0,1e+20
128924.0,-9.094947017729282e-13
128925.0,1e+20
128926.0,0.0
128927.0,0.0
128928.0,1e+20
128929.0,1e+20
128930.0,0.0
128931.0,1e+20
128932.0,0.0
128933.0,1e+20
128934.0,1e+20
128935.0,0.0
128936.0,1e+20
128937.0,0.0
128938.0,1e+20
128939.0,1e+20
128940.0,1e+20
128941.0,1e+20
128942.0,1e+20
128943.0,0.3925536467568236
128944.0,1e+20
128945.0,1.9212036851354242
128946.0,1e+20
128947.0,1e+20
128948.0,0.0
128949.0,0.0
128950.0,1e+20
128951.0,1e+20
128952.0,0.0
128953.0,0.0
128954.0,0.0
128955.0,1e+20
128956.0,0.0
128957.0,1e+20
128958.0,1e+20
128959.0,0.0
128960.0,0.0
128961.0,1e+20
128962.0,0.1301006061366934
128963.0,1e+20
128964.0,1e+20
128965.0,0.0
128966.0,1e+20
128967.0,0.0
128968.0,1e+20
128969.0,1e+20
128970.0,1e+20
128971.0,1e+20
128972.0,0.0
128973.0,1e+20
128974.0,1e+20
128975.0,4.547473508864641e-13
128976.0,9.094947017729282e-13
128977.0,1e+20
128978.0,0.0
128979.0,1e+20
128980.0,1e+20
128981.0,1e+20
128982.0,1e+20
128983.0,0.0
128984.0,1e+20
128985.0,1e+20
128986.0,1e+20
128987.0,1e+20
128988.0,1e+20
128989.0,1e+20
128990.0,1e+20
128991.0,1e+20
128992.0,1e+20
128993.0,0.0
128994.0,0.0
128995.0,0.0
128996.0,0.0
128997.0,4.547473508864641e-13
128998.0,1e+20
128999.0,1e+20
129000.0,0.0
129001.0,0.0
129002.0,1e+20
129003.0,1e+20
129004.0,0.0
129005.0,-4.547473508864641e-13
129006.0,1e+20
129007.0,1e+20
129008.0,1e+20
129009.0,1e+20
129010.0,1e+20
129011.0,1e+20
129012.0,0.0
129013.0,1e+20
129014.0,0.0
129015.0,1e+20
129016.0,0.0
129017.0,0.0
129018.0,1e+20
129019.0,1e+20
129020.0,1e+20
129021.0,1e+20
129022.0,1e+20
129023.0,1e+20
129024.0,1e+20
129025.0,0.0
129026.0,0.0
129027.0,1e+20
129028.0,1e+20
129029.0,1e+20
129030.0,-9.094947017729282e-13
129031.0,1e+20
129032.0,1e+20
129033.0,1e+20
129034.0,0.0
129035.0,1e+20
129036.0,1e+20
129037.0,1e+20
129038.0,1e+20
129039.0,1e+20
129040.0,1e+20
129041.0,1e+20
129042.0,1e+20
129043.0,1e+20
129044.0,1e+20
129045.0,0.0
129046.0,0.03922443592500713
129047.0,1e+20
129048.0,1e+20
129049.0,1e+20
129050.0,1e+20
129051.0,1e+20
129052.0,1e+20
129053.0,0.0
129054.0,1e+20
129055.0,1e+20
129056.0,1e+20
129057.0,0.0
129058.0,1e+20
129059.0,0.0
129060.0,1e+20
129061.0,0.0
129062.0,1e+20
129063.0,1e+20
129064.0,0.0
129065.0,1e+20
129066.0,0.0
129067.0,1e+20
129068.0,1e+20
129069.0,1e+20
129070.0,0.06415920105109763
129071.0,1e+20
129072.0,1e+20
129073.0,0.0
129074.0,0.0
129075.0,1.0973964829895522
129076.0,1e+20
129077.0,1.921297123459226
129078.0,1e+20
129079.0,0.0
129080.0,1e+20
129081.0,0.0
129082.0,1e+20
129083.0,0.0
129084.0,1e+20
129085.0,1e+20
129086.0,0.0
129087.0,0.0
129088.0,0.0
129089.0,1e+20
129090.0,0.0
129091.0,0.0
129092.0,1.6917037057810376
129093.0,1e+20
129094.0,0.0
129095.0,1.2163969972689301
129096.0,1e+20
129097.0,1e+20
129098.0,1e+20
129099.0,0.0
129100.0,1e+20
129101.0,0.0
129102.0,1e+20
129103.0,0.0
129104.0,0.0
129105.0,1e+20
129106.0,0.0
129107.0,1e+20
129108.0,0.0
129109.0,1e+20
129110.0,1e+20
129111.0,0.0
129112.0,0.0
129113.0,1e+20
129114.0,1e+20
129115.0,1e+20
129116.0,1e+20
129117.0,1e+20
129118.0,1e+20
129119.0,1e+20
129120.0,0.0
129121.0,0.0
129122.0,1e+20
129123.0,0.0
129124.0,4.547473508864641e-13
129125.0,1e+20
129126.0,1e+20
129127.0,1e+20
129128.0,0.0
129129.0,0.0
129130.0,1e+20
129131.0,1e+20
129132.0,1e+20
129133.0,1e+20
129134.0,0.0
129135.0,1e+20
129136.0,0.0
129137.0,1e+20
129138.0,0.0
129139.0,1e+20
129140.0,1e+20
129141.0,4.547473508864641e-13
129142.0,0.0
129143.0,0.0
129144.0,0.0
129145.0,1e+20
129146.0,1e+20
129147.0,0.0
129148.0,0.0
129149.0,0.6188615540690989
129150.0,1e+20
129151.0,1e+20
129152.0,0.0
129153.0,0.0
129154.0,1e+20
129155.0,9.094947017729282e-13
129156.0,1e+20
129157.0,1e+20
129158.0,0.0
129159.0,0.0
129160.0,0.0
129161.0,1e+20
129162.0,1e+20
129163.0,0.0
129164.0,0.0
129165.0,1e+20
129166.0,0.0
129167.0,1e+20
129168.0,1e+20
129169.0,1e+20
129170.0,1e+20
129171.0,0.0
129172.0,0.0
129173.0,0.0
129174.0,0.0
129175.0,0.0
129176.0,1.7984991835969595
129177.0,1e+20
129178.0,1e+20
129179.0,1e+20
129180.0,1e+20
129181.0,1e+20
129182.0,1e+20
129183.0,1e+20
129184.0,0.0
129185.0,1e+20
129186.0,1e+20
129187.0,1e+20
129188.0,1e+20
129189.0,1e+20
129190.0,0.0
129191.0,0.7444268924168682
129192.0,1e+20
129193.0,1e+20
129194.0,0.0
129195.0,1e+20
129196.0,0.0
129197.0,0.0
129198.0,0.0
129199.0,1e+20
129200.0,1e+20
129201.0,1.9014546715879987
129202.0,1e+20
129203.0,1e+20
129204.0,1e+20
129205.0,1e+20
129206.0,1e+20
129207.0,1e+20
129208.0,1e+20
129209.0,1e+20
129210.0,1e+20
129211.0,0.0
129212.0,1.3642420526593924e-12
129213.0,0.0
129214.0,1e+20
129215.0,0.0
129216.0,0.0
129217.0,1e+20
129218.0,1e+20
129219.0,1e+20
129220.0,1e+20
129221.0,0.0
129222.0,0.0
129223.0,0.0
129224.0,1e+20
129225.0,0.0
129226.0,1e+20
129227.0,0.0
129228.0,1e+20
129229.0,1e+20
129230.0,0.0
129231.0,1e+20
129232.0,0.0
129233.0,0.0
129234.0,1e+20
129235.0,1e+20
129236.0,4.547473508864641e-13
129237.0,0.0
129238.0,0.0
129239.0,1e+20
129240.0,0.0
129241.0,1e+20
129242.0,0.0
129243.0,1e+20
129244.0,0.0
129245.0,1e+20
129246.0,1e+20
129247.0,0.0
129248.0,0.0
129249.0,0.0
129250.0,1e+20
129251.0,1e+20
129252.0,0.0
129253.0,1e+20
129254.0,1e+20
129255.0,0.0
129256.0,0.0
129257.0,1e+20
129258.0,1e+20
129259.0,1e+20
129260.0,1e+20
129261.0,1e+20
129262.0,0.0
129263.0,1e+20
129264.0,0.0
129265.0,1e+20
129266.0,1e+20
129267.0,1e+20
129268.0,1e+20
129269.0,1e+20
129270.0,1e+20
129271.0,0.0
129272.0,1e+20
129273.0,1e+20
129274.0,1e+20
129275.0,1e+20
129276.0,0.0
129277.0,1e+20
129278.0,-4.547473508864641e-13
129279.0,0.0
129280.0,0.0
129281.0,-4.547473508864641e-13
129282.0,0.0
129283.0,1e+20
129284.0,1e+20
129285.0,1e+20
129286.0,1e+20
129287.0,0.0
129288.0,0.0
129289.0,1e+20
129290.0,1e+20
129291.0,1e+20
129292.0,1e+20
129293.0,1e+20
129294.0,1e+20
129295.0,0.0
129296.0,0.0
129297.0,1e+20
129298.0,1e+20
129299.0,0.0
129300.0,1e+20
129301.0,1e+20
129302.0,0.0
129303.0,1e+20
129304.0,1e+20
129305.0,0.0
129306.0,0.0
129307.0,0.0
129308.0,0.0
129309.0,1e+20
129310.0,0.0
129311.0,1e+20
129312.0,0.0
129313.0,0.0
129314.0,0.0
129315.0,1e+20
129316.0,1.11362066216725
129317.0,1e+20
129318.0,1e+20
129319.0,0.0
129320.0,1e+20
129321.0,1.9612508907525807
129322.0,1e+20
129323.0,1e+20
129324.0,0.0
129325.0,1e+20
129326.0,0.0
129327.0,1e+20
129328.0,0.0
129329.0,0.0
129330.0,1e+20
129331.0,1e+20
129332.0,0.0
129333.0,1e+20
129334.0,1e+20
129335.0,-4.547473508864641e-13
129336.0,-9.094947017729282e-13
129337.0,1e+20
129338.0,1e+20
129339.0,0.0
129340.0,0.0
129341.0,1e+20
129342.0,1e+20
129343.0,1e+20
129344.0,0.0
129345.0,1e+20
129346.0,1e+20
129347.0,1e+20
129348.0,1e+20
129349.0,1e+20
129350.0,1e+20
129351.0,1e+20
129352.0,1e+20
129353.0,0.0
129354.0,1e+20
129355.0,1e+20
129356.0,0.0
129357.0,0.0
129358.0,0.0
129359.0,1e+20
129360.0,0.0
129361.0,1e+20
129362.0,-4.547473508864641e-13
129363.0,0.326384949030853
129364.0,1e+20
129365.0,1e+20
129366.0,0.0
129367.0,1e+20
129368.0,0.0
129369.0,1e+20
129370.0,4.547473508864641e-13
129371.0,1e+20
129372.0,0.0
129373.0,1e+20
129374.0,1e+20
129375.0,1e+20
129376.0,0.0
129377.0,1e+20
129378.0,0.0
129379.0,1e+20
129380.0,1e+20
129381.0,1e+20
129382.0,1e+20
129383.0,1e+20
129384.0,1e+20
129385.0,0.0
129386.0,1.3626809859233617
129387.0,1e+20
129388.0,1e+20
129389.0,0.0
129390.0,1e+20
129391.0,4.547473508864641e-13
129392.0,1e+20
129393.0,0.0
129394.0,4.547473508864641e-13
129395.0,4.547473508864641e-13
129396.0,1e+20
129397.0,0.9838992443324059
129398.0,1e+20
129399.0,1e+20
129400.0,0.0
129401.0,0.0
129402.0,1e+20
129403.0,0.5998790511007428
129404.0,1e+20
129405.0,1e+20
129406.0,1e+20
129407.0,0.0
129408.0,1e+20
129409.0,1e+20
129410.0,1e+20
129411.0,0.0
129412.0,0.0
129413.0,0.0
129414.0,1e+20
129415.0,0.0
129416.0,1e+20
129417.0,0.0
129418.0,1e+20
129419.0,1e+20
129420.0,0.0
129421.0,0.0
129422.0,1e+20
129423.0,0.0
129424.0,1e+20
129425.0,-4.547473508864641e-13
129426.0,1e+20
129427.0,1e+20
129428.0,1e+20
129429.0,0.0
129430.0,1e+20
129431.0,0.0
129432.0,1e+20
129433.0,0.0
129434.0,1e+20
129435.0,1e+20
129436.0,1e+20
129437.0,1e+20
129438.0,1e+20
129439.0,0.0
129440.0,0.0
129441.0,0.0
129442.0,0.0
129443.0,1e+20
129444.0,0.0
129445.0,1e+20
129446.0,0.0
129447.0,0.0
129448.0,1e+20
129449.0,0.0
129450.0,1e+20
129451.0,0.0
129452.0,1e+20
129453.0,1e+20
129454.0,0.0
129455.0,1e+20
129456.0,0.0
129457.0,1e+20
129458.0,0.0
129459.0,4.547473508864641e-13
129460.0,1e+20
129461.0,1e+20
129462.0,0.0
129463.0,0.0
129464.0,0.0
129465.0,1e+20
129466.0,0.0
129467.0,0.0
129468.0,0.0
129469.0,0.0
129470.0,0.6097046712934571
129471.0,1e+20
129472.0,1e+20
129473.0,0.0
129474.0,0.0
129475.0,1e+20
129476.0,1e+20
129477.0,0.0
129478.0,1e+20
129479.0,0.0
129480.0,1e+20
129481.0,1e+20
129482.0,1.256880733944854
129483.0,1e+20
129484.0,1e+20
129485.0,1e+20
129486.0,0.0
129487.0,1e+20
129488.0,1e+20
129489.0,1e+20
129490.0,0.0
129491.0,0.0
129492.0,0.0
129493.0,0.0
129494.0,0.0
129495.0,1e+20
129496.0,0.0
129497.0,1e+20
129498.0,1e+20
129499.0,1e+20
129500.0,1e+20
129501.0,1.1074657195208601
129502.0,1e+20
129503.0,1e+20
129504.0,0.0
129505.0,0.0
129506.0,1e+20
129507.0,0.0
129508.0,0.0
129509.0,1e+20
129510.0,0.0
129511.0,1e+20
129512.0,0.0
129513.0,1e+20
129514.0,1e+20
129515.0,1e+20
129516.0,0.0
129517.0,1e+20
129518.0,1e+20
129519.0,0.0
129520.0,1e+20
129521.0,0.0
129522.0,0.0
129523.0,1e+20
129524.0,0.0
129525.0,1e+20
129526.0,1e+20
129527.0,1e+20
129528.0,0.0
129529.0,1e+20
129530.0,0.0
129531.0,0.0
129532.0,1e+20
129533.0,0.0
129534.0,1.351990471470799
129535.0,1e+20
129536.0,1e+20
129537.0,1e+20
129538.0,0.0
129539.0,0.0
129540.0,1e+20
129541.0,1e+20
129542.0,1e+20
129543.0,1e+20
129544.0,0.0
129545.0,0.0
129546.0,1e+20
129547.0,1.0224763000878738
129548.0,1e+20
129549.0,1e+20
129550.0,1.0208621053211573
129551.0,1e+20
129552.0,1e+20
129553.0,-4.547473508864641e-13
129554.0,0.0
129555.0,0.0
129556.0,1e+20
129557.0,1e+20
129558.0,1e+20
129559.0,1e+20
129560.0,1e+20
129561.0,1e+20
129562.0,1e+20
129563.0,1e+20
129564.0,1e+20
129565.0,0.0
129566.0,0.0
129567.0,0.0
129568.0,1e+20
129569.0,1e+20
129570.0,0.0
129571.0,9.094947017729282e-13
129572.0,1e+20
129573.0,1e+20
129574.0,1e+20
129575.0,-4.547473508864641e-13
129576.0,1e+20
129577.0,1e+20
129578.0,1e+20
129579.0,0.0
129580.0,1e+20
129581.0,0.0
129582.0,0.0
129583.0,1e+20
129584.0,1e+20
129585.0,1e+20
129586.0,1e+20
129587.0,1e+20
129588.0,0.0
129589.0,1e+20
129590.0,1e+20
129591.0,1e+20
129592.0,1e+20
129593.0,1e+20
129594.0,1.7167913519706417
129595.0,1e+20
129596.0,1e+20
129597.0,1e+20
129598.0,1e+20
129599.0,0.0
129600.0,0.0
129601.0,1e+20
129602.0,0.0
129603.0,1e+20
129604.0,1e+20
129605.0,0.0
129606.0,1e+20
129607.0,1e+20
129608.0,1e+20
129609.0,1e+20
129610.0,1e+20
129611.0,1e+20
129612.0,1e+20
129613.0,1e+20
129614.0,0.0
129615.0,9.094947017729282e-13
129616.0,1e+20
129617.0,0.0
129618.0,0.0
129619.0,1e+20
129620.0,1e+20
129621.0,1e+20
129622.0,1e+20
129623.0,0.0
129624.0,1e+20
129625.0,0.0
129626.0,0.0
129627.0,0.0
129628.0,1e+20
129629.0,1e+20
129630.0,1.5548443652860442
129631.0,1e+20
129632.0,1e+20
129633.0,1e+20
129634.0,1e+20
129635.0,0.0
129636.0,1e+20
129637.0,0.0
129638.0,1e+20
129639.0,1e+20
129640.0,1e+20
129641.0,1e+20
129642.0,1e+20
129643.0,0.0
129644.0,1e+20
129645.0,4.547473508864641e-13
129646.0,1e+20
129647.0,0.706807755416321
129648.0,1e+20
129649.0,1e+20
129650.0,0.0
129651.0,1e+20
129652.0,1e+20
129653.0,1e+20
129654.0,0.0
129655.0,0.0
129656.0,0.0
129657.0,1e+20
129658.0,0.0
129659.0,1e+20
129660.0,1e+20
129661.0,1e+20
129662.0,0.0
129663.0,0.0
129664.0,0.0
129665.0,1e+20
129666.0,1e+20
129667.0,0.0
129668.0,1e+20
129669.0,1e+20
129670.0,1e+20
129671.0,1e+20
129672.0,0.0
129673.0,1e+20
129674.0,0.0
129675.0,0.0
129676.0,1e+20
129677.0,0.0
129678.0,1e+20
129679.0,1e+20
129680.0,1.4123092399563575
129681.0,1e+20
129682.0,1e+20
129683.0,1e+20
129684.0,1e+20
129685.0,1e+20
129686.0,0.0
129687.0,0.0
129688.0,0.0
129689.0,0.0
129690.0,1e+20
129691.0,1e+20
129692.0,0.0
129693.0,1e+20
129694.0,0.0
129695.0,0.0
129696.0,0.0
129697.0,1e+20
129698.0,1e+20
129699.0,1.877446064439937
129700.0,1e+20
129701.0,1e+20
129702.0,1e+20
129703.0,1e+20
129704.0,0.0
129705.0,1e+20
129706.0,1e+20
129707.0,-4.547473508864641e-13
129708.0,-4.547473508864641e-13
129709.0,4.547473508864641e-13
129710.0,1e+20
129711.0,1e+20
129712.0,0.0
129713.0,1e+20
129714.0,1e+20
129715.0,1e+20
129716.0,0.0
129717.0,1e+20
129718.0,1.256782714768633
129719.0,1e+20
129720.0,1e+20
129721.0,1e+20
129722.0,0.0
129723.0,0.0
129724.0,0.8625676387491694
129725.0,1.1985484707101932
129726.0,1e+20
129727.0,1e+20
129728.0,1e+20
129729.0,1e+20
129730.0,1e+20
129731.0,0.0
129732.0,1e+20
129733.0,1e+20
129734.0,0.0
129735.0,0.0
129736.0,1e+20
129737.0,0.0
129738.0,0.0
129739.0,0.0
129740.0,1e+20
129741.0,0.0
129742.0,0.0
129743.0,1.7671710793861166
129744.0,1e+20
129745.0,1e+20
129746.0,1e+20
129747.0,0.0
129748.0,0.0
129749.0,1e+20
129750.0,1e+20
129751.0,0.0
129752.0,1e+20
129753.0,1e+20
129754.0,0.0
129755.0,0.0
129756.0,1e+20
129757.0,0.0
129758.0,1e+20
129759.0,0.0
129760.0,1e+20
129761.0,1e+20
129762.0,0.0
129763.0,1e+20
129764.0,1e+20
129765.0,1e+20
129766.0,1e+20
129767.0,1e+20
129768.0,0.0
129769.0,0.0
129770.0,1e+20
129771.0,1e+20
129772.0,1e+20
129773.0,1e+20
129774.0,1e+20
129775.0,1e+20
129776.0,1e+20
129777.0,1e+20
129778.0,1e+20
129779.0,1e+20
129780.0,1e+20
129781.0,1e+20
129782.0,1e+20
129783.0,1e+20
129784.0,1e+20
129785.0,1e+20
129786.0,0.0
129787.0,1e+20
129788.0,1e+20
129789.0,1e+20
129790.0,1e+20
129791.0,1e+20
129792.0,1e+20
129793.0,1e+20
129794.0,1e+20
129795.0,1e+20
129796.0,1.7550572697086864
129797.0,1e+20
129798.0,1e+20
129799.0,1e+20
129800.0,1e+20
129801.0,0.0
129802.0,1.235226129577768
129803.0,1e+20
129804.0,1e+20
129805.0,0.0
129806.0,0.0
129807.0,0.0
129808.0,1e+20
129809.0,1e+20
129810.0,1e+20
129811.0,0.0
129812.0,0.0
129813.0,1.3873473487583396
129814.0,1e+20
129815.0,1e+20
129816.0,0.5025938566554942
129817.0,1e+20
129818.0,1e+20
129819.0,0.0
129820.0,1e+20
129821.0,0.8316804825312829
129822.0,1e+20
129823.0,1e+20
129824.0,1e+20
129825.0,1e+20
129826.0,1e+20
129827.0,1e+20
129828.0,0.0
129829.0,0.0
129830.0,0.0
129831.0,1e+20
129832.0,0.0
129833.0,0.0
129834.0,1e+20
129835.0,0.0
129836.0,1e+20
129837.0,1e+20
129838.0,0.0
129839.0,0.024463105607537727
129840.0,1e+20
129841.0,1.0586402581507173
129842.0,1e+20
129843.0,1e+20
129844.0,1e+20
129845.0,1e+20
129846.0,1e+20
129847.0,1e+20
129848.0,1e+20
129849.0,1e+20
129850.0,1e+20
129851.0,0.0
129852.0,0.0
129853.0,0.0
129854.0,1e+20
129855.0,1.4584377752184992
129856.0,1e+20
129857.0,1e+20
129858.0,1e+20
129859.0,1e+20
129860.0,1e+20
129861.0,0.0
129862.0,0.0
129863.0,0.0
129864.0,0.7760901453525548
129865.0,1e+20
129866.0,1e+20
129867.0,1e+20
129868.0,0.0
129869.0,1e+20
129870.0,1e+20
129871.0,1e+20
129872.0,1e+20
129873.0,0.0
129874.0,0.0
129875.0,1e+20
129876.0,0.0
129877.0,0.0
129878.0,1e+20
129879.0,1e+20
129880.0,0.0
129881.0,0.9434961106308037
129882.0,1e+20
129883.0,1e+20
129884.0,0.0
129885.0,1e+20
129886.0,1e+20
129887.0,1e+20
129888.0,1e+20
129889.0,0.0
129890.0,1e+20
129891.0,1e+20
129892.0,4.547473508864641e-13
129893.0,1e+20
129894.0,4.547473508864641e-13
129895.0,0.0
129896.0,1e+20
129897.0,0.0
129898.0,1e+20
129899.0,1e+20
129900.0,1e+20
129901.0,1e+20
129902.0,0.0
129903.0,0.0
129904.0,0.0
129905.0,1e+20
129906.0,1e+20
129907.0,1e+20
129908.0,0.0
129909.0,1e+20
129910.0,1e+20
129911.0,1e+20
129912.0,1e+20
129913.0,0.0
129914.0,0.0
129915.0,1.844108352621788
129916.0,1e+20
129917.0,1e+20
129918.0,1e+20
129919.0,1e+20
129920.0,1e+20
129921.0,1e+20
129922.0,1e+20
129923.0,1e+20
129924.0,0.0
129925.0,0.0
129926.0,0.0
129927.0,0.0
129928.0,0.0
129929.0,0.0
129930.0,0.0
129931.0,0.0
129932.0,0.0
129933.0,0.0
129934.0,0.0
129935.0,0.0
129936.0,1e+20
129937.0,0.0
129938.0,1e+20
129939.0,1e+20
129940.0,0.0
129941.0,0.0
129942.0,0.0
129943.0,1e+20
129944.0,0.0
129945.0,0.0
129946.0,1e+20
129947.0,0.0
129948.0,0.0
129949.0,0.0
129950.0,0.0
129951.0,1e+20
129952.0,-4.547473508864641e-13
129953.0,4.547473508864641e-13
129954.0,1e+20
129955.0,1e+20
129956.0,0.0
129957.0,0.0
129958.0,0.0
129959.0,0.0
129960.0,1e+20
129961.0,1e+20
129962.0,0.0
129963.0,0.0
129964.0,1e+20
129965.0,1e+20
129966.0,1.389605324304739
129967.0,1e+20
129968.0,1e+20
129969.0,0.0
129970.0,0.0
129971.0,1e+20
129972.0,1e+20
129973.0,0.0
129974.0,0.0
129975.0,0.0
129976.0,0.0
129977.0,0.0
129978.0,0.0
129979.0,0.0
129980.0,1e+20
129981.0,0.0
129982.0,0.0
129983.0,0.0
129984.0,0.0
129985.0,0.0
129986.0,1e+20
129987.0,0.0
129988.0,1e+20
129989.0,0.0
129990.0,1e+20
129991.0,0.0
129992.0,1e+20
129993.0,0.0
129994.0,0.0
129995.0,1e+20
129996.0,1e+20
129997.0,1e+20
129998.0,0.0
129999.0,0.0
130000.0,1e+20
